-- MySQL dump 10.13  Distrib 5.5.46, for debian-linux-gnu (x86_64)
--
-- Host: localhost    Database: mydb
-- ------------------------------------------------------
-- Server version	5.5.46-0ubuntu0.14.04.2

/*!40101 SET @OLD_CHARACTER_SET_CLIENT=@@CHARACTER_SET_CLIENT */;
/*!40101 SET @OLD_CHARACTER_SET_RESULTS=@@CHARACTER_SET_RESULTS */;
/*!40101 SET @OLD_COLLATION_CONNECTION=@@COLLATION_CONNECTION */;
/*!40101 SET NAMES utf8 */;
/*!40103 SET @OLD_TIME_ZONE=@@TIME_ZONE */;
/*!40103 SET TIME_ZONE='+00:00' */;
/*!40014 SET @OLD_UNIQUE_CHECKS=@@UNIQUE_CHECKS, UNIQUE_CHECKS=0 */;
/*!40014 SET @OLD_FOREIGN_KEY_CHECKS=@@FOREIGN_KEY_CHECKS, FOREIGN_KEY_CHECKS=0 */;
/*!40101 SET @OLD_SQL_MODE=@@SQL_MODE, SQL_MODE='NO_AUTO_VALUE_ON_ZERO' */;
/*!40111 SET @OLD_SQL_NOTES=@@SQL_NOTES, SQL_NOTES=0 */;

--
-- Table structure for table `Aplicacion`
--

DROP TABLE IF EXISTS `Aplicacion`;
/*!40101 SET @saved_cs_client     = @@character_set_client */;
/*!40101 SET character_set_client = utf8 */;
CREATE TABLE `Aplicacion` (
  `nombre` varchar(250) NOT NULL,
  `paquete` varchar(250) DEFAULT NULL,
  `Terminal_idTerminal` int(11) NOT NULL,
  `autor` varchar(250) DEFAULT NULL,
  PRIMARY KEY (`nombre`,`Terminal_idTerminal`),
  KEY `fk_Aplicacion_Terminal1_idx` (`Terminal_idTerminal`),
  CONSTRAINT `fk_Aplicacion_Terminal1` FOREIGN KEY (`Terminal_idTerminal`) REFERENCES `Terminal` (`idTerminal`) ON DELETE NO ACTION ON UPDATE NO ACTION
) ENGINE=InnoDB DEFAULT CHARSET=utf8;
/*!40101 SET character_set_client = @saved_cs_client */;

--
-- Dumping data for table `Aplicacion`
--

LOCK TABLES `Aplicacion` WRITE;
/*!40000 ALTER TABLE `Aplicacion` DISABLE KEYS */;
INSERT INTO `Aplicacion` VALUES ('360 Security Lite','com.qihoo.security.lite',1,'360 Mobile Security Limited'),('360 Security Lite','com.qihoo.security.lite',3,'360 Mobile Security Limited'),('360 Security Lite','com.qihoo.security.lite',4,'360 Mobile Security Limited'),('3G Watchdog Pro','net.rgruet.android.g3watchdogpro',6,'Youtility Mobile'),('ACQUIRE','com.magnetforensics.acquire',1,'Unknown'),('ACQUIRE','com.magnetforensics.acquire',3,'Unknown'),('ACQUIRE','com.magnetforensics.acquire',4,'Unknown'),('Adobe Acrobat','com.adobe.reader',6,'Adobe'),('Adobe Flash Player 11.1','com.adobe.flashplayer',6,'Unknown'),('AllCast Premium','com.koushikdutta.cast.license',1,'ClockworkMod'),('Allo','com.google.android.apps.fireball',6,'Google Inc.'),('Alpify','app.alpify',1,'Alpify'),('Alpify','app.alpify',2,'Alpify'),('Amazon Kindle','com.amazon.kindle',1,'Amazon Mobile LLC'),('Ampere','com.gombosdev.ampere',6,'Braintrapp'),('Ant Smasher','com.bestcoolfungames.antsmasher',1,'BCFG'),('Atresplayer','com.a3.sgt',1,'ATRESMEDIA'),('Audio Rocket','com.rain.audio.rocket',6,'Momosoft'),(' TSF Launcher Prime','com.tsf.shell',1,'3D Launcher'),('Bankia','es.cm.android',1,'Bankia'),('Barcode Scanner','com.google.zxing.client.android',1,'ZXing Team'),('Barcode Scanner','com.google.zxing.client.android',3,'ZXing Team'),('Barcode Scanner','com.google.zxing.client.android',4,'ZXing Team'),('BBTAN','com.crater.bbtan',6,'111%'),('BBVA','com.bbva.bbvacontigo',1,'BBVA'),('BBVA','com.bbva.bbvacontigo',2,'BBVA'),('BetterBatteryStats','com.asksven.betterbatterystats_xdaedition',6,'Unknown'),('BlaBlaCar','com.comuto',6,'BlaBlaCar'),('BlurbCheckout','com.blurb.checkout',1,'Blurb Inc.'),('Boomerang','com.instagram.boomerang',6,'Instagram'),('Brain It On!','com.orbital.brainiton',6,'Orbital Nine'),('Burger King®','es.burgerking.android',1,'Burger King España'),('Calendario','com.google.android.calendar',6,'Google Inc.'),('Cambiador de voz con efectos','com.baviux.voicechanger',6,'Baviux'),('CamScanner','com.intsig.camscanner',6,'INTSIG Information Co.,Ltd'),('Candy Camera','com.joeware.android.gpulumera',1,'JP Brothers, Inc.'),('CandyCameraSticker','com.joeware.android.gpulumera.res.sticker',1,'Unknown'),('Caustic','com.singlecellsoftware.caustic',1,'Single Cell Software'),('convertidor de audio','audio.converter.video.cutter.mp3.cutter',6,'appsddoz'),('Curse','com.curse.highwind',6,'Curse, Inc.'),('Drive','com.google.android.apps.docs',1,'Google Inc.'),('Drive','com.google.android.apps.docs',2,'Google Inc.'),('Drive','com.google.android.apps.docs',6,NULL),('Drum Pads 24','com.paullipnyagov.drumpads24',6,'Paul Lipnyagov'),('Duo','com.google.android.apps.tachyon',1,'Google Inc.'),('Duo','com.google.android.apps.tachyon',3,'Google Inc.'),('Duo','com.google.android.apps.tachyon',4,'Google Inc.'),('Duo','com.google.android.apps.tachyon',6,NULL),('Earth','com.google.earth',1,'Google Inc.'),('Earth','com.google.earth',3,'Google Inc.'),('Earth','com.google.earth',4,'Google Inc.'),('Easy Unrar','com.rbigsoft.easyunrar.lite',1,'RbigSoft'),('EETAN','com.crater.eetan',6,'111%'),('Facebook','com.facebook.katana',1,'Facebook'),('Facebook','com.facebook.katana',2,'Facebook'),('Facebook','com.facebook.katana',6,NULL),('Facturación de Samsung','com.sec.android.app.billing',1,'Unknown'),('Fever','com.feverup.fever',1,'Fever Labs'),('Foxit PDF','com.foxit.mobile.pdf.lite',1,'Foxit Software Inc.'),('Freedom','cc.madkite.freedom',6,'Unknown'),('Geometry Dash Lite','com.robtopx.geometryjumplite',6,'RobTop Games'),('Google Play Juegos','com.google.android.play.games',6,'Google Inc.'),('HERE Maps','com.here.app.maps',1,'HERE Apps LLC'),('HERE Maps','com.here.app.maps',3,'HERE Apps LLC'),('HERE Maps','com.here.app.maps',4,'HERE Apps LLC'),('HERE WeGo','com.here.app.maps',6,NULL),('ilos videos','com.icos.ilos.uploader',6,'ICOS LLC'),('Instagram','com.instagram.android',6,'Instagram'),('LectureNotes','com.acadoid.lecturenotes',1,'Acadoid Developer'),('Madrid Metro|Bus|Cercanias','com.dmp.free.madrid',6,'DMP S.L.'),('Maps','com.google.android.apps.maps',1,'Google Inc.'),('Maps','com.google.android.apps.maps',2,'Google Inc.'),('Maps','com.google.android.apps.maps',6,NULL),('mClassTest','es.uc3m.inf.sel.mi.mclasstest',1,'SEL-UC3M'),('Meetic','net.ilius.android.meetic',1,'Meetic SA'),('MEGA','mega.privacy.android.app',6,'Mega Ltd'),('Messenger','com.facebook.orca',1,'Facebook'),('Messenger','com.facebook.orca',6,NULL),('Mi TarjetaTP','com.velentis.crtm.nfc',6,'Consorcio Regional de Transportes de Madrid'),('Mi Vodafone','es.vodafone.mobile.mivodafone',6,'Vodafone ES'),('Moments','com.facebook.moments',6,'Facebook'),('Music Maker Jam','com.magix.android.mmjam',6,'JAM - just add music'),('My Boy! Free','com.fastemulator.gbafree',1,'Fast Emulator'),('My Boy! Free','com.fastemulator.gbafree',3,'Fast Emulator'),('My Boy! Free','com.fastemulator.gbafree',4,'Fast Emulator'),('My OldBoy! Free','com.fastemulator.gbcfree',1,'Fast Emulator'),('My OldBoy! Free','com.fastemulator.gbcfree',3,'Fast Emulator'),('My OldBoy! Free','com.fastemulator.gbcfree',4,'Fast Emulator'),('mySamsung','com.samsung.overmob.mygalaxy',1,'Samsung Italia'),('mySamsung','com.samsung.overmob.mygalaxy',3,'Samsung Italia'),('mySamsung','com.samsung.overmob.mygalaxy',4,'Samsung Italia'),('Peel Smart Remote','com.peel.app',1,'Peel Technologies'),('Play Services Info','com.weberdo.apps.serviceinfo',6,'weberdo'),('PlayerPro','com.tbig.playerprotrial',1,'BlastOn SA'),('PlayerPro','com.tbig.playerprotrial',4,'BlastOn SA'),('Prisma','com.neuralprisma',1,'Prisma Labs, inc.'),('Prisma','com.neuralprisma',2,'Prisma Labs, inc.'),('Prisma','com.neuralprisma',6,NULL),('Repost','com.redcactus.repost',6,'Red Cactus'),('Samsung In-App Purchase','com.sec.android.iap',1,'Unknown'),('Santander','es.bancosantander.apps',6,'Banco Santander'),('Síntesis de Google','com.google.android.tts',6,'Google Inc.'),('Series.ly','com.mcube.seriesly',1,'Unknown'),('SetiApp','com.setiapp',1,'Unknown'),('SetiApp','com.setiapp',3,'Unknown'),('Shazam','com.shazam.android',6,'Shazam Entertainment Limited'),('SideSyncPlayer','com.sec.android.sidesync.sink',1,'Unknown'),('SideSyncSource','com.sec.android.sidesync.source',1,'Unknown'),('SimilDroid','com.example.nacho.simildroid',1,'Unknown'),('SimilDroid','com.example.nacho.simildroid',2,'Unknown'),('SimilDroid','com.example.nacho.simildroid',3,NULL),('SimilDroid','com.example.nacho.simildroid',4,NULL),('SimilDroid','com.example.nacho.simildroid',6,NULL),('Snapchat','com.snapchat.android',6,'Snap Inc'),('SplenDO','com.splendapps.splendo',6,'Splend Apps'),('Spotify','com.spotify.mobile.android.ui',1,'Unknown'),('Spotify','com.spotify.music',6,'Spotify Ltd.'),('Teclado de Google','com.google.android.inputmethod.latin',6,'Google Inc.'),('Telegram','org.telegram.messenger',1,'Telegram Messenger LLP'),('Telegram','org.telegram.messenger',3,'Telegram Messenger LLP'),('Telegram','org.telegram.messenger',4,'Telegram Messenger LLP'),('Telegram','org.telegram.messenger',6,NULL),('Termux','com.termux',6,'Fredrik Fornwall'),('TSF Shell Patch','com.tsf.shell.plugin.patch',1,'3D Launcher'),('Tuenti','com.tuenti.messenger',6,'Tuenti'),('Twitter','com.twitter.android',1,'Twitter, Inc.'),('Twitter','com.twitter.android',6,NULL),('UC3M Aula Global','es.uc3m.aulaglobal',1,'Universidad Carlos III de Madrid'),('VideoDownloader','harker.video.downloader.download',6,'Unknown'),('Vine','co.vine.android',1,'Vine Labs'),('Vine','co.vine.android',6,NULL),('VLC','org.videolan.vlc.betav7neon',1,'Videolabs'),('Voloco','com.jazarimusic.voloco',6,'RESONANT CAVITY'),('Wallapop','com.wallapop',1,'Wallapop'),('Wallapop','com.wallapop',3,NULL),('Wallapop','com.wallapop',4,NULL),('Wallapop','com.wallapop',6,NULL),('Waze','com.waze',1,'Waze'),('Waze','com.waze',3,'Waze'),('Waze','com.waze',4,'Waze'),('Waze','com.waze',6,NULL),('Westwing Home & Living','de.westwing.android',6,'Westwing Home & Living GmbH'),('WhatsApp','com.whatsapp',1,'WhatsApp Inc.'),('WhatsApp','com.whatsapp',2,'WhatsApp Inc.'),('WhatsApp','com.whatsapp',3,NULL),('WhatsApp','com.whatsapp',4,NULL),('WhatsApp','com.whatsapp',6,NULL),('Wikiloc','com.wikiloc.wikilocandroid',1,'Wikiloc Outdoor'),('Wikiloc','com.wikiloc.wikilocandroid',2,'Wikiloc Outdoor'),('WLANAudit','es.glasspixel.wlanaudit',1,'Roberto Estrada');
/*!40000 ALTER TABLE `Aplicacion` ENABLE KEYS */;
UNLOCK TABLES;

--
-- Table structure for table `Aplicacion_Categoria`
--

DROP TABLE IF EXISTS `Aplicacion_Categoria`;
/*!40101 SET @saved_cs_client     = @@character_set_client */;
/*!40101 SET character_set_client = utf8 */;
CREATE TABLE `Aplicacion_Categoria` (
  `nombre` varchar(250) DEFAULT NULL,
  `Aplicacion_nombre` varchar(250) NOT NULL,
  PRIMARY KEY (`Aplicacion_nombre`)
) ENGINE=InnoDB DEFAULT CHARSET=utf8;
/*!40101 SET character_set_client = @saved_cs_client */;

--
-- Dumping data for table `Aplicacion_Categoria`
--

LOCK TABLES `Aplicacion_Categoria` WRITE;
/*!40000 ALTER TABLE `Aplicacion_Categoria` DISABLE KEYS */;
INSERT INTO `Aplicacion_Categoria` VALUES ('Health & Fitness','app.alpify'),('Music & Audio','audio.converter.video.cutter.mp3.cutter'),('Unknown','cc.madkite.freedom'),('Social','co.vine.android'),('Media & Video','com.a3.sgt'),('Productivity','com.acadoid.lecturenotes'),('Unknown','com.adobe.flashplayer'),('Productivity','com.adobe.reader'),('Books & Reference','com.amazon.kindle'),('Unknown','com.asksven.betterbatterystats_xdaedition'),('Casual','com.baviux.voicechanger'),('Finance','com.bbva.bbvacontigo'),('Arcade','com.bestcoolfungames.antsmasher'),('Photography','com.blurb.checkout'),('Travel & Local','com.comuto'),('Arcade','com.crater.bbtan'),('Casual','com.crater.eetan'),('Communication','com.curse.highwind'),('Maps & Navigation','com.dmp.free.madrid'),('Unknown','com.example.nacho.simildroid'),('Social','com.facebook.katana'),('Photography','com.facebook.moments'),('Communication','com.facebook.orca'),('Arcade','com.fastemulator.gbafree'),('Arcade','com.fastemulator.gbcfree'),('Lifestyle','com.feverup.fever'),('Productivity','com.foxit.mobile.pdf.lite'),('Tools','com.gombosdev.ampere'),('Productivity','com.google.android.apps.docs'),('Communication','com.google.android.apps.fireball'),('Travel & Local','com.google.android.apps.maps'),('Communication','com.google.android.apps.tachyon'),('Productivity','com.google.android.calendar'),('Tools','com.google.android.inputmethod.latin'),('Entertainment','com.google.android.play.games'),('Tools','com.google.android.tts'),('Travel & Local','com.google.earth'),('Shopping','com.google.zxing.client.android'),('Transportation','com.here.app.maps'),('Tools','com.icos.ilos.uploader'),('Social','com.instagram.android'),('Photography','com.instagram.boomerang'),('Productivity','com.intsig.camscanner'),('Music & Audio','com.jazarimusic.voloco'),('Photography','com.joeware.android.gpulumera'),('Unknown','com.joeware.android.gpulumera.res.sticker'),('Entertainment','com.koushikdutta.cast.license'),('Music & Audio','com.magix.android.mmjam'),('Unknown','com.magnetforensics.acquire'),('Unknown','com.mcube.seriesly'),('Media & Video','com.neuralprisma'),('Puzzle','com.orbital.brainiton'),('Music & Audio','com.paullipnyagov.drumpads24'),('Entertainment','com.peel.app'),('Tools','com.qihoo.security.lite'),('Media & Video','com.rain.audio.rocket'),('Tools','com.rbigsoft.easyunrar.lite'),('Social','com.redcactus.repost'),('Arcade','com.robtopx.geometryjumplite'),('Productivity','com.samsung.overmob.mygalaxy'),('Unknown','com.sec.android.app.billing'),('Unknown','com.sec.android.iap'),('Unknown','com.sec.android.sidesync.sink'),('Unknown','com.sec.android.sidesync.source'),('Unknown','com.setiapp'),('Music & Audio','com.shazam.android'),('Music & Audio','com.singlecellsoftware.caustic'),('Social','com.snapchat.android'),('Productivity','com.splendapps.splendo'),('Unknown','com.spotify.mobile.android.ui'),('Music & Audio','com.spotify.music'),('Music & Audio','com.tbig.playerprotrial'),('Tools','com.termux'),('Personalization','com.tsf.shell'),('Personalization','com.tsf.shell.plugin.patch'),('Communication','com.tuenti.messenger'),('News & Magazines','com.twitter.android'),('Transportation','com.velentis.crtm.nfc'),('Shopping','com.wallapop'),('Travel & Local','com.waze'),('Tools','com.weberdo.apps.serviceinfo'),('Communication','com.whatsapp'),('Travel & Local','com.wikiloc.wikilocandroid'),('Shopping','de.westwing.android'),('Finance','es.bancosantander.apps'),('Lifestyle','es.burgerking.android'),('Finance','es.cm.android'),('Tools','es.glasspixel.wlanaudit'),('Education','es.uc3m.aulaglobal'),('Education','es.uc3m.inf.sel.mi.mclasstest'),('Communication','es.vodafone.mobile.mivodafone'),('Unknown','harker.video.downloader.download'),('Productivity','mega.privacy.android.app'),('Lifestyle','net.ilius.android.meetic'),('Tools','net.rgruet.android.g3watchdogpro'),('Communication','org.telegram.messenger'),('Media & Video','org.videolan.vlc.betav7neon');
/*!40000 ALTER TABLE `Aplicacion_Categoria` ENABLE KEYS */;
UNLOCK TABLES;

--
-- Table structure for table `Aplicacion_Etiqueta`
--

DROP TABLE IF EXISTS `Aplicacion_Etiqueta`;
/*!40101 SET @saved_cs_client     = @@character_set_client */;
/*!40101 SET character_set_client = utf8 */;
CREATE TABLE `Aplicacion_Etiqueta` (
  `Aplicacion_nombre` varchar(250) NOT NULL,
  `Aplicacion_Terminal_idTerminal` int(11) NOT NULL,
  `Etiqueta_nombre` varchar(50) NOT NULL,
  PRIMARY KEY (`Aplicacion_nombre`,`Aplicacion_Terminal_idTerminal`,`Etiqueta_nombre`),
  KEY `fk_Aplicacion_Etiqueta_Aplicacion1_idx` (`Aplicacion_nombre`,`Aplicacion_Terminal_idTerminal`),
  KEY `fk_Aplicacion_Etiqueta_Etiqueta1_idx` (`Etiqueta_nombre`),
  CONSTRAINT `fk_Aplicacion_Etiqueta_Aplicacion1` FOREIGN KEY (`Aplicacion_nombre`) REFERENCES `Aplicacion` (`nombre`) ON DELETE NO ACTION ON UPDATE NO ACTION,
  CONSTRAINT `fk_Aplicacion_Etiqueta_Etiqueta1` FOREIGN KEY (`Etiqueta_nombre`) REFERENCES `Etiqueta` (`nombre`) ON DELETE NO ACTION ON UPDATE NO ACTION
) ENGINE=InnoDB DEFAULT CHARSET=utf8;
/*!40101 SET character_set_client = @saved_cs_client */;

--
-- Dumping data for table `Aplicacion_Etiqueta`
--

LOCK TABLES `Aplicacion_Etiqueta` WRITE;
/*!40000 ALTER TABLE `Aplicacion_Etiqueta` DISABLE KEYS */;
INSERT INTO `Aplicacion_Etiqueta` VALUES ('Facebook',1,'Amigos'),('Fever',1,'Amigos'),('Messenger',1,'Amigos'),('Twitter',1,'Amigos'),('Vine',1,'Amigos'),('WhatsApp',1,'Amigos'),('WhatsApp',2,'Amigos'),('Burger King®',1,'Comida'),('Wallapop',4,'Compra'),('Bankia',1,'Cuentas'),('BBVA',1,'Cuentas'),('BBVA',2,'Cuentas'),('Bankia',1,'Dinero'),('BBVA',1,'Dinero'),('BBVA',2,'Dinero'),('BlurbCheckout',1,'Dinero'),('Fever',1,'Dinero'),('Wallapop',1,'Dinero'),('Drive',6,'Documentos'),('Candy Camera',1,'Editor'),('CandyCameraSticker',1,'Editor'),('Easy Unrar',1,'Editor'),('Foxit PDF',1,'Editor'),('LectureNotes',1,'Editor'),('Prisma',1,'Editor'),('Prisma',2,'Editor'),('My Boy! Free',4,'Emulador'),('My OldBoy! Free',4,'Emulador'),('My Boy! Free',4,'Entretenimiento'),('My OldBoy! Free',4,'Entretenimiento'),('Candy Camera',1,'Fotos'),('Drive',1,'Fotos'),('Drive',2,'Fotos'),('Prisma',1,'Fotos'),('Prisma',2,'Fotos'),('Twitter',1,'Fotos'),('WhatsApp',1,'Fotos'),('Earth',4,'GPS'),('HERE Maps',4,'GPS'),('Waze',4,'GPS'),('mClassTest',1,'hijo'),('Peel Smart Remote',1,'hijo'),('UC3M Aula Global',1,'hijo'),('WLANAudit',1,'hijo'),('Ant Smasher',1,'Juegos'),('CandyCameraSticker',1,'Juegos'),('Facebook',1,'Juegos'),('Amazon Kindle',1,'Libros'),('Foxit PDF',1,'Libros'),('LectureNotes',1,'Libros'),('360 Security Lite',4,'Limpieza'),('Duo',4,'Llamadas'),('WhatsApp',4,'Llamadas'),('Alpify',1,'Mapas'),('Alpify',2,'Mapas'),('Earth',4,'Mapas'),('HERE Maps',4,'Mapas'),('Maps',1,'Mapas'),('Maps',2,'Mapas'),('Waze',4,'Mapas'),('Wikiloc',1,'Mapas'),('Wikiloc',2,'Mapas'),('Duo',4,'Mensajes'),('Telegram',4,'Mensajes'),('WhatsApp',4,'Mensajes'),('Alpify',1,'Montaña'),('Alpify',2,'Montaña'),('Maps',1,'Montaña'),('Wikiloc',1,'Montaña'),('Wikiloc',2,'Montaña'),('ACQUIRE',4,'Movil'),('mySamsung',4,'Movil'),('PlayerPro',4,'Musica'),('Spotify',1,'Musica'),('VLC',1,'Musica'),('3G Watchdog Pro',6,'Nueva'),('Amazon Kindle',1,'Ocio'),('Ant Smasher',1,'Ocio'),('Atresplayer',1,'Ocio'),('Burger King®',1,'Ocio'),('Candy Camera',1,'Ocio'),('CandyCameraSticker',1,'Ocio'),('Facebook',1,'Ocio'),('Fever',1,'Ocio'),('Foxit PDF',1,'Ocio'),('LectureNotes',1,'Ocio'),('Messenger',1,'Ocio'),('Peel Smart Remote',1,'Ocio'),('Prisma',1,'Ocio'),('Series.ly',1,'Ocio'),('Twitter',1,'Ocio'),('VLC',1,'Ocio'),('WhatsApp',1,'Ocio'),('AllCast Premium',1,'Peliculas'),('Atresplayer',1,'Peliculas'),('Peel Smart Remote',1,'Peliculas'),('Series.ly',1,'Peliculas'),('VLC',1,'Peliculas'),('Burger King®',1,'Promociones'),('Fever',1,'Promociones'),('Wallapop',1,'Promociones'),('Burger King®',1,'Restaurantes'),('360 Security Lite',4,'Seguridad'),('Atresplayer',1,'Social'),('Drive',1,'Social'),('Facebook',1,'Social'),('Facebook',2,'Social'),('Fever',1,'Social'),('Messenger',1,'Social'),('Series.ly',1,'Social'),('Telegram',4,'Social'),('Twitter',1,'Social'),('Vine',1,'Social'),('Wallapop',4,'Social'),('WhatsApp',1,'Social'),('WhatsApp',2,'Social'),('WhatsApp',4,'Social'),('Barcode Scanner',4,'Utilidades'),('Wallapop',4,'Venta'),('PlayerPro',4,'Videos');
/*!40000 ALTER TABLE `Aplicacion_Etiqueta` ENABLE KEYS */;
UNLOCK TABLES;

--
-- Table structure for table `Aplicacion_Permiso`
--

DROP TABLE IF EXISTS `Aplicacion_Permiso`;
/*!40101 SET @saved_cs_client     = @@character_set_client */;
/*!40101 SET character_set_client = utf8 */;
CREATE TABLE `Aplicacion_Permiso` (
  `Aplicacion_nombre` varchar(250) NOT NULL,
  `Aplicacion_Terminal_idTerminal` int(11) NOT NULL,
  `Permiso_nombre` varchar(250) NOT NULL,
  PRIMARY KEY (`Aplicacion_nombre`,`Aplicacion_Terminal_idTerminal`,`Permiso_nombre`),
  KEY `fk_Aplicacion_Permiso_Aplicacion1_idx` (`Aplicacion_nombre`,`Aplicacion_Terminal_idTerminal`),
  KEY `fk_Aplicacion_Permiso_Permiso1_idx` (`Permiso_nombre`),
  CONSTRAINT `fk_Aplicacion_Permiso_Aplicacion1` FOREIGN KEY (`Aplicacion_nombre`) REFERENCES `Aplicacion` (`nombre`) ON DELETE NO ACTION ON UPDATE NO ACTION,
  CONSTRAINT `fk_Aplicacion_Permiso_Permiso1` FOREIGN KEY (`Permiso_nombre`) REFERENCES `Permiso` (`nombre`) ON DELETE NO ACTION ON UPDATE NO ACTION
) ENGINE=InnoDB DEFAULT CHARSET=utf8;
/*!40101 SET character_set_client = @saved_cs_client */;

--
-- Dumping data for table `Aplicacion_Permiso`
--

LOCK TABLES `Aplicacion_Permiso` WRITE;
/*!40000 ALTER TABLE `Aplicacion_Permiso` DISABLE KEYS */;
INSERT INTO `Aplicacion_Permiso` VALUES ('360 Security Lite',1,'ACCESS_COARSE_LOCATION'),('360 Security Lite',3,'ACCESS_COARSE_LOCATION'),('360 Security Lite',4,'ACCESS_COARSE_LOCATION'),('Allo',6,'ACCESS_COARSE_LOCATION'),('Ant Smasher',1,'ACCESS_COARSE_LOCATION'),(' TSF Launcher Prime',1,'ACCESS_COARSE_LOCATION'),('Bankia',1,'ACCESS_COARSE_LOCATION'),('BlaBlaCar',6,'ACCESS_COARSE_LOCATION'),('Burger King®',1,'ACCESS_COARSE_LOCATION'),('Calendario',6,'ACCESS_COARSE_LOCATION'),('Candy Camera',1,'ACCESS_COARSE_LOCATION'),('Earth',1,'ACCESS_COARSE_LOCATION'),('Earth',3,'ACCESS_COARSE_LOCATION'),('Earth',4,'ACCESS_COARSE_LOCATION'),('Facebook',1,'ACCESS_COARSE_LOCATION'),('Facebook',2,'ACCESS_COARSE_LOCATION'),('Facebook',6,'ACCESS_COARSE_LOCATION'),('HERE Maps',1,'ACCESS_COARSE_LOCATION'),('HERE Maps',3,'ACCESS_COARSE_LOCATION'),('HERE Maps',4,'ACCESS_COARSE_LOCATION'),('HERE WeGo',6,'ACCESS_COARSE_LOCATION'),('Madrid Metro|Bus|Cercanias',6,'ACCESS_COARSE_LOCATION'),('Maps',1,'ACCESS_COARSE_LOCATION'),('Maps',2,'ACCESS_COARSE_LOCATION'),('Maps',6,'ACCESS_COARSE_LOCATION'),('Meetic',1,'ACCESS_COARSE_LOCATION'),('Messenger',1,'ACCESS_COARSE_LOCATION'),('Messenger',6,'ACCESS_COARSE_LOCATION'),('Mi TarjetaTP',6,'ACCESS_COARSE_LOCATION'),('Mi Vodafone',6,'ACCESS_COARSE_LOCATION'),('Peel Smart Remote',1,'ACCESS_COARSE_LOCATION'),('Santander',6,'ACCESS_COARSE_LOCATION'),('Shazam',6,'ACCESS_COARSE_LOCATION'),('Telegram',1,'ACCESS_COARSE_LOCATION'),('Telegram',3,'ACCESS_COARSE_LOCATION'),('Telegram',4,'ACCESS_COARSE_LOCATION'),('Telegram',6,'ACCESS_COARSE_LOCATION'),('Twitter',1,'ACCESS_COARSE_LOCATION'),('Twitter',6,'ACCESS_COARSE_LOCATION'),('VideoDownloader',6,'ACCESS_COARSE_LOCATION'),('Vine',6,'ACCESS_COARSE_LOCATION'),('Voloco',6,'ACCESS_COARSE_LOCATION'),('Wallapop',1,'ACCESS_COARSE_LOCATION'),('Wallapop',3,'ACCESS_COARSE_LOCATION'),('Wallapop',4,'ACCESS_COARSE_LOCATION'),('Wallapop',6,'ACCESS_COARSE_LOCATION'),('Waze',1,'ACCESS_COARSE_LOCATION'),('Waze',3,'ACCESS_COARSE_LOCATION'),('Waze',4,'ACCESS_COARSE_LOCATION'),('Waze',6,'ACCESS_COARSE_LOCATION'),('WhatsApp',1,'ACCESS_COARSE_LOCATION'),('WhatsApp',2,'ACCESS_COARSE_LOCATION'),('WhatsApp',3,'ACCESS_COARSE_LOCATION'),('WhatsApp',4,'ACCESS_COARSE_LOCATION'),('WhatsApp',6,'ACCESS_COARSE_LOCATION'),('Wikiloc',1,'ACCESS_COARSE_LOCATION'),('Wikiloc',2,'ACCESS_COARSE_LOCATION'),('WLANAudit',1,'ACCESS_COARSE_LOCATION'),('360 Security Lite',1,'ACCESS_FINE_LOCATION'),('360 Security Lite',3,'ACCESS_FINE_LOCATION'),('360 Security Lite',4,'ACCESS_FINE_LOCATION'),('Allo',6,'ACCESS_FINE_LOCATION'),('Alpify',1,'ACCESS_FINE_LOCATION'),('Alpify',2,'ACCESS_FINE_LOCATION'),('Ant Smasher',1,'ACCESS_FINE_LOCATION'),('Atresplayer',1,'ACCESS_FINE_LOCATION'),(' TSF Launcher Prime',1,'ACCESS_FINE_LOCATION'),('Bankia',1,'ACCESS_FINE_LOCATION'),('BBVA',1,'ACCESS_FINE_LOCATION'),('BBVA',2,'ACCESS_FINE_LOCATION'),('BlaBlaCar',6,'ACCESS_FINE_LOCATION'),('Burger King®',1,'ACCESS_FINE_LOCATION'),('Earth',1,'ACCESS_FINE_LOCATION'),('Earth',3,'ACCESS_FINE_LOCATION'),('Earth',4,'ACCESS_FINE_LOCATION'),('Facebook',1,'ACCESS_FINE_LOCATION'),('Facebook',2,'ACCESS_FINE_LOCATION'),('Facebook',6,'ACCESS_FINE_LOCATION'),('HERE Maps',1,'ACCESS_FINE_LOCATION'),('HERE Maps',3,'ACCESS_FINE_LOCATION'),('HERE Maps',4,'ACCESS_FINE_LOCATION'),('HERE WeGo',6,'ACCESS_FINE_LOCATION'),('Instagram',6,'ACCESS_FINE_LOCATION'),('Madrid Metro|Bus|Cercanias',6,'ACCESS_FINE_LOCATION'),('Maps',1,'ACCESS_FINE_LOCATION'),('Maps',2,'ACCESS_FINE_LOCATION'),('Maps',6,'ACCESS_FINE_LOCATION'),('Meetic',1,'ACCESS_FINE_LOCATION'),('Messenger',1,'ACCESS_FINE_LOCATION'),('Messenger',6,'ACCESS_FINE_LOCATION'),('Mi TarjetaTP',6,'ACCESS_FINE_LOCATION'),('Mi Vodafone',6,'ACCESS_FINE_LOCATION'),('Peel Smart Remote',1,'ACCESS_FINE_LOCATION'),('Santander',6,'ACCESS_FINE_LOCATION'),('Series.ly',1,'ACCESS_FINE_LOCATION'),('Shazam',6,'ACCESS_FINE_LOCATION'),('Snapchat',6,'ACCESS_FINE_LOCATION'),('Telegram',1,'ACCESS_FINE_LOCATION'),('Telegram',3,'ACCESS_FINE_LOCATION'),('Telegram',4,'ACCESS_FINE_LOCATION'),('Telegram',6,'ACCESS_FINE_LOCATION'),('Tuenti',6,'ACCESS_FINE_LOCATION'),('Twitter',1,'ACCESS_FINE_LOCATION'),('Twitter',6,'ACCESS_FINE_LOCATION'),('Vine',6,'ACCESS_FINE_LOCATION'),('Wallapop',1,'ACCESS_FINE_LOCATION'),('Wallapop',3,'ACCESS_FINE_LOCATION'),('Wallapop',4,'ACCESS_FINE_LOCATION'),('Wallapop',6,'ACCESS_FINE_LOCATION'),('Waze',1,'ACCESS_FINE_LOCATION'),('Waze',3,'ACCESS_FINE_LOCATION'),('Waze',4,'ACCESS_FINE_LOCATION'),('Waze',6,'ACCESS_FINE_LOCATION'),('WhatsApp',1,'ACCESS_FINE_LOCATION'),('WhatsApp',2,'ACCESS_FINE_LOCATION'),('WhatsApp',3,'ACCESS_FINE_LOCATION'),('WhatsApp',4,'ACCESS_FINE_LOCATION'),('WhatsApp',6,'ACCESS_FINE_LOCATION'),('Wikiloc',1,'ACCESS_FINE_LOCATION'),('Wikiloc',2,'ACCESS_FINE_LOCATION'),('WLANAudit',1,'ACCESS_FINE_LOCATION'),('BBVA',1,'ACCESS_LOCATION_EXTRA_COMMANDS'),('BBVA',2,'ACCESS_LOCATION_EXTRA_COMMANDS'),('Waze',1,'ACCESS_LOCATION_EXTRA_COMMANDS'),('Waze',3,'ACCESS_LOCATION_EXTRA_COMMANDS'),('Waze',4,'ACCESS_LOCATION_EXTRA_COMMANDS'),('Waze',6,'ACCESS_LOCATION_EXTRA_COMMANDS'),('360 Security Lite',1,'ACCESS_NETWORK_STATE'),('360 Security Lite',3,'ACCESS_NETWORK_STATE'),('360 Security Lite',4,'ACCESS_NETWORK_STATE'),('3G Watchdog Pro',6,'ACCESS_NETWORK_STATE'),('Adobe Acrobat',6,'ACCESS_NETWORK_STATE'),('Adobe Flash Player 11.1',6,'ACCESS_NETWORK_STATE'),('AllCast Premium',1,'ACCESS_NETWORK_STATE'),('Allo',6,'ACCESS_NETWORK_STATE'),('Alpify',1,'ACCESS_NETWORK_STATE'),('Alpify',2,'ACCESS_NETWORK_STATE'),('Amazon Kindle',1,'ACCESS_NETWORK_STATE'),('Ampere',6,'ACCESS_NETWORK_STATE'),('Ant Smasher',1,'ACCESS_NETWORK_STATE'),('Atresplayer',1,'ACCESS_NETWORK_STATE'),('Audio Rocket',6,'ACCESS_NETWORK_STATE'),(' TSF Launcher Prime',1,'ACCESS_NETWORK_STATE'),('Bankia',1,'ACCESS_NETWORK_STATE'),('BBTAN',6,'ACCESS_NETWORK_STATE'),('BBVA',1,'ACCESS_NETWORK_STATE'),('BBVA',2,'ACCESS_NETWORK_STATE'),('BetterBatteryStats',6,'ACCESS_NETWORK_STATE'),('BlaBlaCar',6,'ACCESS_NETWORK_STATE'),('BlurbCheckout',1,'ACCESS_NETWORK_STATE'),('Brain It On!',6,'ACCESS_NETWORK_STATE'),('Burger King®',1,'ACCESS_NETWORK_STATE'),('Calendario',6,'ACCESS_NETWORK_STATE'),('Cambiador de voz con efectos',6,'ACCESS_NETWORK_STATE'),('CamScanner',6,'ACCESS_NETWORK_STATE'),('Candy Camera',1,'ACCESS_NETWORK_STATE'),('convertidor de audio',6,'ACCESS_NETWORK_STATE'),('Curse',6,'ACCESS_NETWORK_STATE'),('Drive',1,'ACCESS_NETWORK_STATE'),('Drive',2,'ACCESS_NETWORK_STATE'),('Drive',6,'ACCESS_NETWORK_STATE'),('Drum Pads 24',6,'ACCESS_NETWORK_STATE'),('Duo',1,'ACCESS_NETWORK_STATE'),('Duo',3,'ACCESS_NETWORK_STATE'),('Duo',4,'ACCESS_NETWORK_STATE'),('Duo',6,'ACCESS_NETWORK_STATE'),('Earth',1,'ACCESS_NETWORK_STATE'),('Earth',3,'ACCESS_NETWORK_STATE'),('Earth',4,'ACCESS_NETWORK_STATE'),('Easy Unrar',1,'ACCESS_NETWORK_STATE'),('EETAN',6,'ACCESS_NETWORK_STATE'),('Facebook',1,'ACCESS_NETWORK_STATE'),('Facebook',2,'ACCESS_NETWORK_STATE'),('Facebook',6,'ACCESS_NETWORK_STATE'),('Facturación de Samsung',1,'ACCESS_NETWORK_STATE'),('Fever',1,'ACCESS_NETWORK_STATE'),('Foxit PDF',1,'ACCESS_NETWORK_STATE'),('Freedom',6,'ACCESS_NETWORK_STATE'),('Geometry Dash Lite',6,'ACCESS_NETWORK_STATE'),('HERE Maps',1,'ACCESS_NETWORK_STATE'),('HERE Maps',3,'ACCESS_NETWORK_STATE'),('HERE Maps',4,'ACCESS_NETWORK_STATE'),('HERE WeGo',6,'ACCESS_NETWORK_STATE'),('ilos videos',6,'ACCESS_NETWORK_STATE'),('Instagram',6,'ACCESS_NETWORK_STATE'),('Madrid Metro|Bus|Cercanias',6,'ACCESS_NETWORK_STATE'),('Maps',1,'ACCESS_NETWORK_STATE'),('Maps',2,'ACCESS_NETWORK_STATE'),('Maps',6,'ACCESS_NETWORK_STATE'),('mClassTest',1,'ACCESS_NETWORK_STATE'),('Meetic',1,'ACCESS_NETWORK_STATE'),('MEGA',6,'ACCESS_NETWORK_STATE'),('Messenger',1,'ACCESS_NETWORK_STATE'),('Messenger',6,'ACCESS_NETWORK_STATE'),('Mi TarjetaTP',6,'ACCESS_NETWORK_STATE'),('Mi Vodafone',6,'ACCESS_NETWORK_STATE'),('Moments',6,'ACCESS_NETWORK_STATE'),('Music Maker Jam',6,'ACCESS_NETWORK_STATE'),('My Boy! Free',1,'ACCESS_NETWORK_STATE'),('My Boy! Free',3,'ACCESS_NETWORK_STATE'),('My Boy! Free',4,'ACCESS_NETWORK_STATE'),('My OldBoy! Free',1,'ACCESS_NETWORK_STATE'),('My OldBoy! Free',3,'ACCESS_NETWORK_STATE'),('My OldBoy! Free',4,'ACCESS_NETWORK_STATE'),('Peel Smart Remote',1,'ACCESS_NETWORK_STATE'),('PlayerPro',1,'ACCESS_NETWORK_STATE'),('PlayerPro',4,'ACCESS_NETWORK_STATE'),('Prisma',1,'ACCESS_NETWORK_STATE'),('Prisma',2,'ACCESS_NETWORK_STATE'),('Prisma',6,'ACCESS_NETWORK_STATE'),('Repost',6,'ACCESS_NETWORK_STATE'),('Samsung In-App Purchase',1,'ACCESS_NETWORK_STATE'),('Santander',6,'ACCESS_NETWORK_STATE'),('Síntesis de Google',6,'ACCESS_NETWORK_STATE'),('Series.ly',1,'ACCESS_NETWORK_STATE'),('Shazam',6,'ACCESS_NETWORK_STATE'),('SideSyncPlayer',1,'ACCESS_NETWORK_STATE'),('SideSyncSource',1,'ACCESS_NETWORK_STATE'),('Snapchat',6,'ACCESS_NETWORK_STATE'),('SplenDO',6,'ACCESS_NETWORK_STATE'),('Spotify',1,'ACCESS_NETWORK_STATE'),('Spotify',6,'ACCESS_NETWORK_STATE'),('Teclado de Google',6,'ACCESS_NETWORK_STATE'),('Telegram',1,'ACCESS_NETWORK_STATE'),('Telegram',3,'ACCESS_NETWORK_STATE'),('Telegram',4,'ACCESS_NETWORK_STATE'),('Telegram',6,'ACCESS_NETWORK_STATE'),('Tuenti',6,'ACCESS_NETWORK_STATE'),('Twitter',1,'ACCESS_NETWORK_STATE'),('Twitter',6,'ACCESS_NETWORK_STATE'),('UC3M Aula Global',1,'ACCESS_NETWORK_STATE'),('VideoDownloader',6,'ACCESS_NETWORK_STATE'),('Vine',1,'ACCESS_NETWORK_STATE'),('Vine',6,'ACCESS_NETWORK_STATE'),('Voloco',6,'ACCESS_NETWORK_STATE'),('Wallapop',1,'ACCESS_NETWORK_STATE'),('Wallapop',3,'ACCESS_NETWORK_STATE'),('Wallapop',4,'ACCESS_NETWORK_STATE'),('Wallapop',6,'ACCESS_NETWORK_STATE'),('Waze',1,'ACCESS_NETWORK_STATE'),('Waze',3,'ACCESS_NETWORK_STATE'),('Waze',4,'ACCESS_NETWORK_STATE'),('Waze',6,'ACCESS_NETWORK_STATE'),('Westwing Home & Living',6,'ACCESS_NETWORK_STATE'),('WhatsApp',1,'ACCESS_NETWORK_STATE'),('WhatsApp',2,'ACCESS_NETWORK_STATE'),('WhatsApp',3,'ACCESS_NETWORK_STATE'),('WhatsApp',4,'ACCESS_NETWORK_STATE'),('WhatsApp',6,'ACCESS_NETWORK_STATE'),('Wikiloc',1,'ACCESS_NETWORK_STATE'),('Wikiloc',2,'ACCESS_NETWORK_STATE'),('WLANAudit',1,'ACCESS_NETWORK_STATE'),('Tuenti',6,'ACCESS_NOTIFICATION_POLICY'),('360 Security Lite',1,'ACCESS_WIFI_STATE'),('360 Security Lite',3,'ACCESS_WIFI_STATE'),('360 Security Lite',4,'ACCESS_WIFI_STATE'),('3G Watchdog Pro',6,'ACCESS_WIFI_STATE'),('ACQUIRE',1,'ACCESS_WIFI_STATE'),('ACQUIRE',3,'ACCESS_WIFI_STATE'),('ACQUIRE',4,'ACCESS_WIFI_STATE'),('Amazon Kindle',1,'ACCESS_WIFI_STATE'),('Ant Smasher',1,'ACCESS_WIFI_STATE'),('Atresplayer',1,'ACCESS_WIFI_STATE'),(' TSF Launcher Prime',1,'ACCESS_WIFI_STATE'),('Barcode Scanner',1,'ACCESS_WIFI_STATE'),('Barcode Scanner',3,'ACCESS_WIFI_STATE'),('Barcode Scanner',4,'ACCESS_WIFI_STATE'),('BBVA',1,'ACCESS_WIFI_STATE'),('BBVA',2,'ACCESS_WIFI_STATE'),('BetterBatteryStats',6,'ACCESS_WIFI_STATE'),('BlaBlaCar',6,'ACCESS_WIFI_STATE'),('Brain It On!',6,'ACCESS_WIFI_STATE'),('Burger King®',1,'ACCESS_WIFI_STATE'),('Candy Camera',1,'ACCESS_WIFI_STATE'),('Duo',1,'ACCESS_WIFI_STATE'),('Duo',3,'ACCESS_WIFI_STATE'),('Duo',4,'ACCESS_WIFI_STATE'),('Duo',6,'ACCESS_WIFI_STATE'),('EETAN',6,'ACCESS_WIFI_STATE'),('Facebook',1,'ACCESS_WIFI_STATE'),('Facebook',2,'ACCESS_WIFI_STATE'),('Facebook',6,'ACCESS_WIFI_STATE'),('Facturación de Samsung',1,'ACCESS_WIFI_STATE'),('Foxit PDF',1,'ACCESS_WIFI_STATE'),('Freedom',6,'ACCESS_WIFI_STATE'),('Geometry Dash Lite',6,'ACCESS_WIFI_STATE'),('HERE Maps',1,'ACCESS_WIFI_STATE'),('HERE Maps',3,'ACCESS_WIFI_STATE'),('HERE Maps',4,'ACCESS_WIFI_STATE'),('HERE WeGo',6,'ACCESS_WIFI_STATE'),('Maps',1,'ACCESS_WIFI_STATE'),('Maps',2,'ACCESS_WIFI_STATE'),('Maps',6,'ACCESS_WIFI_STATE'),('Messenger',1,'ACCESS_WIFI_STATE'),('Messenger',6,'ACCESS_WIFI_STATE'),('Mi TarjetaTP',6,'ACCESS_WIFI_STATE'),('Mi Vodafone',6,'ACCESS_WIFI_STATE'),('Moments',6,'ACCESS_WIFI_STATE'),('Music Maker Jam',6,'ACCESS_WIFI_STATE'),('My Boy! Free',1,'ACCESS_WIFI_STATE'),('My Boy! Free',3,'ACCESS_WIFI_STATE'),('My Boy! Free',4,'ACCESS_WIFI_STATE'),('Samsung In-App Purchase',1,'ACCESS_WIFI_STATE'),('Santander',6,'ACCESS_WIFI_STATE'),('Series.ly',1,'ACCESS_WIFI_STATE'),('SideSyncPlayer',1,'ACCESS_WIFI_STATE'),('SideSyncSource',1,'ACCESS_WIFI_STATE'),('Snapchat',6,'ACCESS_WIFI_STATE'),('Spotify',1,'ACCESS_WIFI_STATE'),('Spotify',6,'ACCESS_WIFI_STATE'),('Telegram',1,'ACCESS_WIFI_STATE'),('Telegram',3,'ACCESS_WIFI_STATE'),('Telegram',4,'ACCESS_WIFI_STATE'),('Telegram',6,'ACCESS_WIFI_STATE'),('Tuenti',6,'ACCESS_WIFI_STATE'),('Twitter',1,'ACCESS_WIFI_STATE'),('Twitter',6,'ACCESS_WIFI_STATE'),('VideoDownloader',6,'ACCESS_WIFI_STATE'),('Voloco',6,'ACCESS_WIFI_STATE'),('Wallapop',1,'ACCESS_WIFI_STATE'),('Wallapop',3,'ACCESS_WIFI_STATE'),('Wallapop',4,'ACCESS_WIFI_STATE'),('Wallapop',6,'ACCESS_WIFI_STATE'),('Westwing Home & Living',6,'ACCESS_WIFI_STATE'),('WhatsApp',1,'ACCESS_WIFI_STATE'),('WhatsApp',2,'ACCESS_WIFI_STATE'),('WhatsApp',3,'ACCESS_WIFI_STATE'),('WhatsApp',4,'ACCESS_WIFI_STATE'),('WhatsApp',6,'ACCESS_WIFI_STATE'),('Wikiloc',1,'ACCESS_WIFI_STATE'),('Wikiloc',2,'ACCESS_WIFI_STATE'),('WLANAudit',1,'ACCESS_WIFI_STATE'),('BetterBatteryStats',6,'BATTERY_STATS'),('Facebook',1,'BATTERY_STATS'),('Facebook',2,'BATTERY_STATS'),('Facebook',6,'BATTERY_STATS'),('Messenger',1,'BATTERY_STATS'),('Messenger',6,'BATTERY_STATS'),('Moments',6,'BATTERY_STATS'),('Tuenti',6,'BATTERY_STATS'),('360 Security Lite',1,'BLUETOOTH'),('360 Security Lite',3,'BLUETOOTH'),('360 Security Lite',4,'BLUETOOTH'),('Amazon Kindle',1,'BLUETOOTH'),(' TSF Launcher Prime',1,'BLUETOOTH'),('BetterBatteryStats',6,'BLUETOOTH'),('Curse',6,'BLUETOOTH'),('Duo',1,'BLUETOOTH'),('Duo',3,'BLUETOOTH'),('Duo',4,'BLUETOOTH'),('Duo',6,'BLUETOOTH'),('HERE Maps',1,'BLUETOOTH'),('HERE Maps',3,'BLUETOOTH'),('HERE Maps',4,'BLUETOOTH'),('HERE WeGo',6,'BLUETOOTH'),('Messenger',6,'BLUETOOTH'),('My Boy! Free',1,'BLUETOOTH'),('My Boy! Free',3,'BLUETOOTH'),('My Boy! Free',4,'BLUETOOTH'),('My OldBoy! Free',1,'BLUETOOTH'),('My OldBoy! Free',3,'BLUETOOTH'),('My OldBoy! Free',4,'BLUETOOTH'),('PlayerPro',1,'BLUETOOTH'),('PlayerPro',4,'BLUETOOTH'),('Shazam',6,'BLUETOOTH'),('SideSyncPlayer',1,'BLUETOOTH'),('SideSyncSource',1,'BLUETOOTH'),('Spotify',6,'BLUETOOTH'),('Tuenti',6,'BLUETOOTH'),('Waze',1,'BLUETOOTH'),('Waze',3,'BLUETOOTH'),('Waze',4,'BLUETOOTH'),('Waze',6,'BLUETOOTH'),('WhatsApp',1,'BLUETOOTH'),('WhatsApp',2,'BLUETOOTH'),('WhatsApp',3,'BLUETOOTH'),('WhatsApp',4,'BLUETOOTH'),('WhatsApp',6,'BLUETOOTH'),(' TSF Launcher Prime',1,'BLUETOOTH_ADMIN'),('HERE Maps',1,'BLUETOOTH_ADMIN'),('HERE Maps',3,'BLUETOOTH_ADMIN'),('HERE Maps',4,'BLUETOOTH_ADMIN'),('HERE WeGo',6,'BLUETOOTH_ADMIN'),('My Boy! Free',1,'BLUETOOTH_ADMIN'),('My Boy! Free',3,'BLUETOOTH_ADMIN'),('My Boy! Free',4,'BLUETOOTH_ADMIN'),('My OldBoy! Free',1,'BLUETOOTH_ADMIN'),('My OldBoy! Free',3,'BLUETOOTH_ADMIN'),('My OldBoy! Free',4,'BLUETOOTH_ADMIN'),('Shazam',6,'BLUETOOTH_ADMIN'),('SideSyncPlayer',1,'BLUETOOTH_ADMIN'),('SideSyncSource',1,'BLUETOOTH_ADMIN'),('Spotify',6,'BLUETOOTH_ADMIN'),('Waze',1,'BLUETOOTH_ADMIN'),('Waze',3,'BLUETOOTH_ADMIN'),('Waze',4,'BLUETOOTH_ADMIN'),('Waze',6,'BLUETOOTH_ADMIN'),('Amazon Kindle',1,'BROADCAST_STICKY'),('Duo',1,'BROADCAST_STICKY'),('Duo',3,'BROADCAST_STICKY'),('Duo',4,'BROADCAST_STICKY'),('Duo',6,'BROADCAST_STICKY'),('Facebook',1,'BROADCAST_STICKY'),('Facebook',2,'BROADCAST_STICKY'),('Facebook',6,'BROADCAST_STICKY'),('Maps',1,'BROADCAST_STICKY'),('Maps',2,'BROADCAST_STICKY'),('Maps',6,'BROADCAST_STICKY'),('Messenger',1,'BROADCAST_STICKY'),('Mi Vodafone',6,'BROADCAST_STICKY'),('PlayerPro',1,'BROADCAST_STICKY'),('PlayerPro',4,'BROADCAST_STICKY'),('Spotify',1,'BROADCAST_STICKY'),('Spotify',6,'BROADCAST_STICKY'),('Tuenti',6,'BROADCAST_STICKY'),('Waze',1,'BROADCAST_STICKY'),('Waze',3,'BROADCAST_STICKY'),('Waze',4,'BROADCAST_STICKY'),('Waze',6,'BROADCAST_STICKY'),('WhatsApp',1,'BROADCAST_STICKY'),('WhatsApp',2,'BROADCAST_STICKY'),('WhatsApp',3,'BROADCAST_STICKY'),('WhatsApp',4,'BROADCAST_STICKY'),('WhatsApp',6,'BROADCAST_STICKY'),('Alpify',1,'CALL_PHONE'),('Alpify',2,'CALL_PHONE'),(' TSF Launcher Prime',1,'CALL_PHONE'),('Messenger',1,'CALL_PHONE'),('Messenger',6,'CALL_PHONE'),('SideSyncSource',1,'CALL_PHONE'),('Tuenti',6,'CALL_PHONE'),('360 Security Lite',1,'CAMERA'),('360 Security Lite',3,'CAMERA'),('360 Security Lite',4,'CAMERA'),('Adobe Acrobat',6,'CAMERA'),('Allo',6,'CAMERA'),('Alpify',1,'CAMERA'),('Alpify',2,'CAMERA'),('Barcode Scanner',1,'CAMERA'),('Barcode Scanner',3,'CAMERA'),('Barcode Scanner',4,'CAMERA'),('BBVA',1,'CAMERA'),('BBVA',2,'CAMERA'),('BlaBlaCar',6,'CAMERA'),('Boomerang',6,'CAMERA'),('CamScanner',6,'CAMERA'),('Candy Camera',1,'CAMERA'),('Curse',6,'CAMERA'),('Drive',1,'CAMERA'),('Drive',2,'CAMERA'),('Drive',6,'CAMERA'),('Duo',1,'CAMERA'),('Duo',3,'CAMERA'),('Duo',4,'CAMERA'),('Duo',6,'CAMERA'),('Facebook',1,'CAMERA'),('Facebook',2,'CAMERA'),('Facebook',6,'CAMERA'),('Instagram',6,'CAMERA'),('MEGA',6,'CAMERA'),('Messenger',1,'CAMERA'),('Messenger',6,'CAMERA'),('Moments',6,'CAMERA'),('Prisma',1,'CAMERA'),('Prisma',2,'CAMERA'),('Prisma',6,'CAMERA'),('Santander',6,'CAMERA'),('Shazam',6,'CAMERA'),('Snapchat',6,'CAMERA'),('Telegram',1,'CAMERA'),('Telegram',3,'CAMERA'),('Telegram',4,'CAMERA'),('Telegram',6,'CAMERA'),('Tuenti',6,'CAMERA'),('Twitter',1,'CAMERA'),('Twitter',6,'CAMERA'),('Vine',1,'CAMERA'),('Vine',6,'CAMERA'),('Voloco',6,'CAMERA'),('Waze',1,'CAMERA'),('Waze',3,'CAMERA'),('Waze',4,'CAMERA'),('Waze',6,'CAMERA'),('Westwing Home & Living',6,'CAMERA'),('WhatsApp',1,'CAMERA'),('WhatsApp',2,'CAMERA'),('WhatsApp',3,'CAMERA'),('WhatsApp',4,'CAMERA'),('WhatsApp',6,'CAMERA'),('Wikiloc',1,'CAMERA'),('Wikiloc',2,'CAMERA'),('BlurbCheckout',1,'CHANGE_CONFIGURATION'),('3G Watchdog Pro',6,'CHANGE_NETWORK_STATE'),(' TSF Launcher Prime',1,'CHANGE_NETWORK_STATE'),('BlurbCheckout',1,'CHANGE_NETWORK_STATE'),('Duo',1,'CHANGE_NETWORK_STATE'),('Duo',3,'CHANGE_NETWORK_STATE'),('Duo',4,'CHANGE_NETWORK_STATE'),('Duo',6,'CHANGE_NETWORK_STATE'),('Facebook',1,'CHANGE_NETWORK_STATE'),('Facebook',2,'CHANGE_NETWORK_STATE'),('Facebook',6,'CHANGE_NETWORK_STATE'),('Facturación de Samsung',1,'CHANGE_NETWORK_STATE'),('HERE Maps',1,'CHANGE_NETWORK_STATE'),('HERE Maps',3,'CHANGE_NETWORK_STATE'),('HERE Maps',4,'CHANGE_NETWORK_STATE'),('HERE WeGo',6,'CHANGE_NETWORK_STATE'),('Messenger',1,'CHANGE_NETWORK_STATE'),('Messenger',6,'CHANGE_NETWORK_STATE'),('Tuenti',6,'CHANGE_NETWORK_STATE'),('Spotify',6,'CHANGE_WIFI_MULTICAST_STATE'),('360 Security Lite',1,'CHANGE_WIFI_STATE'),('360 Security Lite',3,'CHANGE_WIFI_STATE'),('360 Security Lite',4,'CHANGE_WIFI_STATE'),(' TSF Launcher Prime',1,'CHANGE_WIFI_STATE'),('Barcode Scanner',1,'CHANGE_WIFI_STATE'),('Barcode Scanner',3,'CHANGE_WIFI_STATE'),('Barcode Scanner',4,'CHANGE_WIFI_STATE'),('Candy Camera',1,'CHANGE_WIFI_STATE'),('Facebook',1,'CHANGE_WIFI_STATE'),('Facebook',2,'CHANGE_WIFI_STATE'),('Facebook',6,'CHANGE_WIFI_STATE'),('Facturación de Samsung',1,'CHANGE_WIFI_STATE'),('Freedom',6,'CHANGE_WIFI_STATE'),('Maps',1,'CHANGE_WIFI_STATE'),('Maps',2,'CHANGE_WIFI_STATE'),('Maps',6,'CHANGE_WIFI_STATE'),('Samsung In-App Purchase',1,'CHANGE_WIFI_STATE'),('SideSyncPlayer',1,'CHANGE_WIFI_STATE'),('SideSyncSource',1,'CHANGE_WIFI_STATE'),('WhatsApp',1,'CHANGE_WIFI_STATE'),('WhatsApp',2,'CHANGE_WIFI_STATE'),('WhatsApp',3,'CHANGE_WIFI_STATE'),('WhatsApp',4,'CHANGE_WIFI_STATE'),('WhatsApp',6,'CHANGE_WIFI_STATE'),('WLANAudit',1,'CHANGE_WIFI_STATE'),('360 Security Lite',1,'CLEAR_APP_CACHE'),('360 Security Lite',3,'CLEAR_APP_CACHE'),('360 Security Lite',4,'CLEAR_APP_CACHE'),(' TSF Launcher Prime',1,'DISABLE_KEYGUARD'),('Maps',1,'DISABLE_KEYGUARD'),('Maps',2,'DISABLE_KEYGUARD'),('Maps',6,'DISABLE_KEYGUARD'),('PlayerPro',1,'DISABLE_KEYGUARD'),('PlayerPro',4,'DISABLE_KEYGUARD'),('Tuenti',6,'DISABLE_KEYGUARD'),('BetterBatteryStats',6,'DUMP'),('360 Security Lite',1,'EXPAND_STATUS_BAR'),('360 Security Lite',3,'EXPAND_STATUS_BAR'),('360 Security Lite',4,'EXPAND_STATUS_BAR'),(' TSF Launcher Prime',1,'EXPAND_STATUS_BAR'),('SideSyncPlayer',1,'EXPAND_STATUS_BAR'),('360 Security Lite',1,'GET_ACCOUNTS'),('360 Security Lite',3,'GET_ACCOUNTS'),('360 Security Lite',4,'GET_ACCOUNTS'),('Allo',6,'GET_ACCOUNTS'),('Alpify',1,'GET_ACCOUNTS'),('Alpify',2,'GET_ACCOUNTS'),('Amazon Kindle',1,'GET_ACCOUNTS'),('Ant Smasher',1,'GET_ACCOUNTS'),(' TSF Launcher Prime',1,'GET_ACCOUNTS'),('BlurbCheckout',1,'GET_ACCOUNTS'),('Burger King®',1,'GET_ACCOUNTS'),('Calendario',6,'GET_ACCOUNTS'),('Candy Camera',1,'GET_ACCOUNTS'),('Drive',1,'GET_ACCOUNTS'),('Drive',2,'GET_ACCOUNTS'),('Drive',6,'GET_ACCOUNTS'),('Drum Pads 24',6,'GET_ACCOUNTS'),('Duo',1,'GET_ACCOUNTS'),('Duo',3,'GET_ACCOUNTS'),('Duo',4,'GET_ACCOUNTS'),('Duo',6,'GET_ACCOUNTS'),('Earth',1,'GET_ACCOUNTS'),('Earth',3,'GET_ACCOUNTS'),('Earth',4,'GET_ACCOUNTS'),('Facebook',1,'GET_ACCOUNTS'),('Facebook',2,'GET_ACCOUNTS'),('Facebook',6,'GET_ACCOUNTS'),('Facturación de Samsung',1,'GET_ACCOUNTS'),('Fever',1,'GET_ACCOUNTS'),('Freedom',6,'GET_ACCOUNTS'),('Google Play Juegos',6,'GET_ACCOUNTS'),('HERE WeGo',6,'GET_ACCOUNTS'),('Instagram',6,'GET_ACCOUNTS'),('Maps',1,'GET_ACCOUNTS'),('Maps',2,'GET_ACCOUNTS'),('Maps',6,'GET_ACCOUNTS'),('mClassTest',1,'GET_ACCOUNTS'),('Meetic',1,'GET_ACCOUNTS'),('Messenger',1,'GET_ACCOUNTS'),('Messenger',6,'GET_ACCOUNTS'),('Mi Vodafone',6,'GET_ACCOUNTS'),('Moments',6,'GET_ACCOUNTS'),('Peel Smart Remote',1,'GET_ACCOUNTS'),('Samsung In-App Purchase',1,'GET_ACCOUNTS'),('Santander',6,'GET_ACCOUNTS'),('Series.ly',1,'GET_ACCOUNTS'),('Shazam',6,'GET_ACCOUNTS'),('Snapchat',6,'GET_ACCOUNTS'),('SplenDO',6,'GET_ACCOUNTS'),('Spotify',1,'GET_ACCOUNTS'),('Spotify',6,'GET_ACCOUNTS'),('Teclado de Google',6,'GET_ACCOUNTS'),('Telegram',1,'GET_ACCOUNTS'),('Telegram',3,'GET_ACCOUNTS'),('Telegram',4,'GET_ACCOUNTS'),('Telegram',6,'GET_ACCOUNTS'),('Tuenti',6,'GET_ACCOUNTS'),('Twitter',1,'GET_ACCOUNTS'),('Twitter',6,'GET_ACCOUNTS'),('Vine',1,'GET_ACCOUNTS'),('Vine',6,'GET_ACCOUNTS'),('Wallapop',1,'GET_ACCOUNTS'),('Wallapop',3,'GET_ACCOUNTS'),('Wallapop',4,'GET_ACCOUNTS'),('Wallapop',6,'GET_ACCOUNTS'),('Waze',1,'GET_ACCOUNTS'),('Waze',3,'GET_ACCOUNTS'),('Waze',4,'GET_ACCOUNTS'),('Waze',6,'GET_ACCOUNTS'),('Westwing Home & Living',6,'GET_ACCOUNTS'),('WhatsApp',1,'GET_ACCOUNTS'),('WhatsApp',2,'GET_ACCOUNTS'),('WhatsApp',3,'GET_ACCOUNTS'),('WhatsApp',4,'GET_ACCOUNTS'),('WhatsApp',6,'GET_ACCOUNTS'),('Wikiloc',1,'GET_ACCOUNTS'),('Wikiloc',2,'GET_ACCOUNTS'),('Drum Pads 24',6,'GET_ACCOUNTS_PRIVILEGED'),('360 Security Lite',1,'GET_PACKAGE_SIZE'),('360 Security Lite',3,'GET_PACKAGE_SIZE'),('360 Security Lite',4,'GET_PACKAGE_SIZE'),('Drive',6,'GET_PACKAGE_SIZE'),('Maps',1,'GET_PACKAGE_SIZE'),('Maps',2,'GET_PACKAGE_SIZE'),('Maps',6,'GET_PACKAGE_SIZE'),('360 Security Lite',1,'GET_TASKS'),('360 Security Lite',3,'GET_TASKS'),('360 Security Lite',4,'GET_TASKS'),('Alpify',1,'GET_TASKS'),('Alpify',2,'GET_TASKS'),('Amazon Kindle',1,'GET_TASKS'),('BetterBatteryStats',6,'GET_TASKS'),('Candy Camera',1,'GET_TASKS'),('Facebook',1,'GET_TASKS'),('Facebook',2,'GET_TASKS'),('Facebook',6,'GET_TASKS'),('Facturación de Samsung',1,'GET_TASKS'),('Freedom',6,'GET_TASKS'),('Mi TarjetaTP',6,'GET_TASKS'),('Mi Vodafone',6,'GET_TASKS'),('Moments',6,'GET_TASKS'),('Peel Smart Remote',1,'GET_TASKS'),('PlayerPro',1,'GET_TASKS'),('PlayerPro',4,'GET_TASKS'),('SideSyncPlayer',1,'GET_TASKS'),('SideSyncSource',1,'GET_TASKS'),('TSF Shell Patch',1,'GET_TASKS'),('Tuenti',6,'GET_TASKS'),('WhatsApp',1,'GET_TASKS'),('WhatsApp',2,'GET_TASKS'),('WhatsApp',3,'GET_TASKS'),('WhatsApp',4,'GET_TASKS'),('WhatsApp',6,'GET_TASKS'),('Facturación de Samsung',1,'INSTALL_PACKAGES'),('Freedom',6,'INSTALL_PACKAGES'),('360 Security Lite',1,'INSTALL_SHORTCUT'),('360 Security Lite',3,'INSTALL_SHORTCUT'),('360 Security Lite',4,'INSTALL_SHORTCUT'),('Allo',6,'INSTALL_SHORTCUT'),('CamScanner',6,'INSTALL_SHORTCUT'),('Candy Camera',1,'INSTALL_SHORTCUT'),('Drive',6,'INSTALL_SHORTCUT'),('Facebook',1,'INSTALL_SHORTCUT'),('Facebook',2,'INSTALL_SHORTCUT'),('Facebook',6,'INSTALL_SHORTCUT'),('HERE Maps',1,'INSTALL_SHORTCUT'),('HERE Maps',3,'INSTALL_SHORTCUT'),('HERE Maps',4,'INSTALL_SHORTCUT'),('HERE WeGo',6,'INSTALL_SHORTCUT'),('Instagram',6,'INSTALL_SHORTCUT'),('Maps',1,'INSTALL_SHORTCUT'),('Maps',2,'INSTALL_SHORTCUT'),('Maps',6,'INSTALL_SHORTCUT'),('Messenger',1,'INSTALL_SHORTCUT'),('Messenger',6,'INSTALL_SHORTCUT'),('Moments',6,'INSTALL_SHORTCUT'),('Telegram',1,'INSTALL_SHORTCUT'),('Telegram',3,'INSTALL_SHORTCUT'),('Telegram',4,'INSTALL_SHORTCUT'),('Telegram',6,'INSTALL_SHORTCUT'),('Twitter',1,'INSTALL_SHORTCUT'),('Twitter',6,'INSTALL_SHORTCUT'),('Vine',1,'INSTALL_SHORTCUT'),('Vine',6,'INSTALL_SHORTCUT'),('WhatsApp',1,'INSTALL_SHORTCUT'),('WhatsApp',2,'INSTALL_SHORTCUT'),('WhatsApp',3,'INSTALL_SHORTCUT'),('WhatsApp',4,'INSTALL_SHORTCUT'),('WhatsApp',6,'INSTALL_SHORTCUT'),('360 Security Lite',1,'INTERNET'),('360 Security Lite',3,'INTERNET'),('360 Security Lite',4,'INTERNET'),('ACQUIRE',1,'INTERNET'),('ACQUIRE',3,'INTERNET'),('ACQUIRE',4,'INTERNET'),('Adobe Acrobat',6,'INTERNET'),('AllCast Premium',1,'INTERNET'),('Allo',6,'INTERNET'),('Alpify',1,'INTERNET'),('Alpify',2,'INTERNET'),('Amazon Kindle',1,'INTERNET'),('Ampere',6,'INTERNET'),('Ant Smasher',1,'INTERNET'),('Atresplayer',1,'INTERNET'),('Audio Rocket',6,'INTERNET'),(' TSF Launcher Prime',1,'INTERNET'),('Bankia',1,'INTERNET'),('Barcode Scanner',1,'INTERNET'),('Barcode Scanner',3,'INTERNET'),('Barcode Scanner',4,'INTERNET'),('BBTAN',6,'INTERNET'),('BBVA',1,'INTERNET'),('BBVA',2,'INTERNET'),('BlaBlaCar',6,'INTERNET'),('BlurbCheckout',1,'INTERNET'),('Boomerang',6,'INTERNET'),('Brain It On!',6,'INTERNET'),('Burger King®',1,'INTERNET'),('Calendario',6,'INTERNET'),('Cambiador de voz con efectos',6,'INTERNET'),('CamScanner',6,'INTERNET'),('Candy Camera',1,'INTERNET'),('Caustic',1,'INTERNET'),('convertidor de audio',6,'INTERNET'),('Curse',6,'INTERNET'),('Drive',1,'INTERNET'),('Drive',2,'INTERNET'),('Drive',6,'INTERNET'),('Drum Pads 24',6,'INTERNET'),('Duo',1,'INTERNET'),('Duo',3,'INTERNET'),('Duo',4,'INTERNET'),('Duo',6,'INTERNET'),('Earth',1,'INTERNET'),('Earth',3,'INTERNET'),('Earth',4,'INTERNET'),('Easy Unrar',1,'INTERNET'),('EETAN',6,'INTERNET'),('Facebook',1,'INTERNET'),('Facebook',2,'INTERNET'),('Facebook',6,'INTERNET'),('Facturación de Samsung',1,'INTERNET'),('Fever',1,'INTERNET'),('Foxit PDF',1,'INTERNET'),('Freedom',6,'INTERNET'),('Geometry Dash Lite',6,'INTERNET'),('HERE Maps',1,'INTERNET'),('HERE Maps',3,'INTERNET'),('HERE Maps',4,'INTERNET'),('HERE WeGo',6,'INTERNET'),('ilos videos',6,'INTERNET'),('Instagram',6,'INTERNET'),('Madrid Metro|Bus|Cercanias',6,'INTERNET'),('Maps',1,'INTERNET'),('Maps',2,'INTERNET'),('Maps',6,'INTERNET'),('mClassTest',1,'INTERNET'),('Meetic',1,'INTERNET'),('MEGA',6,'INTERNET'),('Messenger',1,'INTERNET'),('Messenger',6,'INTERNET'),('Mi TarjetaTP',6,'INTERNET'),('Mi Vodafone',6,'INTERNET'),('Moments',6,'INTERNET'),('Music Maker Jam',6,'INTERNET'),('My Boy! Free',1,'INTERNET'),('My Boy! Free',3,'INTERNET'),('My Boy! Free',4,'INTERNET'),('My OldBoy! Free',1,'INTERNET'),('My OldBoy! Free',3,'INTERNET'),('My OldBoy! Free',4,'INTERNET'),('Peel Smart Remote',1,'INTERNET'),('PlayerPro',1,'INTERNET'),('PlayerPro',4,'INTERNET'),('Prisma',1,'INTERNET'),('Prisma',2,'INTERNET'),('Prisma',6,'INTERNET'),('Repost',6,'INTERNET'),('Samsung In-App Purchase',1,'INTERNET'),('Santander',6,'INTERNET'),('Síntesis de Google',6,'INTERNET'),('Series.ly',1,'INTERNET'),('Shazam',6,'INTERNET'),('SideSyncPlayer',1,'INTERNET'),('SideSyncSource',1,'INTERNET'),('SimilDroid',1,'INTERNET'),('SimilDroid',2,'INTERNET'),('SimilDroid',3,'INTERNET'),('SimilDroid',4,'INTERNET'),('SimilDroid',6,'INTERNET'),('Snapchat',6,'INTERNET'),('SplenDO',6,'INTERNET'),('Spotify',1,'INTERNET'),('Spotify',6,'INTERNET'),('Teclado de Google',6,'INTERNET'),('Telegram',1,'INTERNET'),('Telegram',3,'INTERNET'),('Telegram',4,'INTERNET'),('Telegram',6,'INTERNET'),('Termux',6,'INTERNET'),('Tuenti',6,'INTERNET'),('Twitter',1,'INTERNET'),('Twitter',6,'INTERNET'),('UC3M Aula Global',1,'INTERNET'),('VideoDownloader',6,'INTERNET'),('Vine',1,'INTERNET'),('Vine',6,'INTERNET'),('VLC',1,'INTERNET'),('Voloco',6,'INTERNET'),('Wallapop',1,'INTERNET'),('Wallapop',3,'INTERNET'),('Wallapop',4,'INTERNET'),('Wallapop',6,'INTERNET'),('Waze',1,'INTERNET'),('Waze',3,'INTERNET'),('Waze',4,'INTERNET'),('Waze',6,'INTERNET'),('Westwing Home & Living',6,'INTERNET'),('WhatsApp',1,'INTERNET'),('WhatsApp',2,'INTERNET'),('WhatsApp',3,'INTERNET'),('WhatsApp',4,'INTERNET'),('WhatsApp',6,'INTERNET'),('Wikiloc',1,'INTERNET'),('Wikiloc',2,'INTERNET'),('WLANAudit',1,'INTERNET'),('360 Security Lite',1,'KILL_BACKGROUND_PROCESSES'),('360 Security Lite',3,'KILL_BACKGROUND_PROCESSES'),('360 Security Lite',4,'KILL_BACKGROUND_PROCESSES'),('3G Watchdog Pro',6,'KILL_BACKGROUND_PROCESSES'),(' TSF Launcher Prime',1,'KILL_BACKGROUND_PROCESSES'),('Freedom',6,'KILL_BACKGROUND_PROCESSES'),('ilos videos',6,'MANAGE_DOCUMENTS'),('Curse',6,'MODIFY_AUDIO_SETTINGS'),('Drum Pads 24',6,'MODIFY_AUDIO_SETTINGS'),('Duo',1,'MODIFY_AUDIO_SETTINGS'),('Duo',3,'MODIFY_AUDIO_SETTINGS'),('Duo',4,'MODIFY_AUDIO_SETTINGS'),('Duo',6,'MODIFY_AUDIO_SETTINGS'),('Messenger',1,'MODIFY_AUDIO_SETTINGS'),('Messenger',6,'MODIFY_AUDIO_SETTINGS'),('Music Maker Jam',6,'MODIFY_AUDIO_SETTINGS'),('PlayerPro',1,'MODIFY_AUDIO_SETTINGS'),('PlayerPro',4,'MODIFY_AUDIO_SETTINGS'),('Shazam',6,'MODIFY_AUDIO_SETTINGS'),('SideSyncPlayer',1,'MODIFY_AUDIO_SETTINGS'),('SideSyncSource',1,'MODIFY_AUDIO_SETTINGS'),('Snapchat',6,'MODIFY_AUDIO_SETTINGS'),('Spotify',1,'MODIFY_AUDIO_SETTINGS'),('Spotify',6,'MODIFY_AUDIO_SETTINGS'),('Tuenti',6,'MODIFY_AUDIO_SETTINGS'),('Vine',1,'MODIFY_AUDIO_SETTINGS'),('Vine',6,'MODIFY_AUDIO_SETTINGS'),('VLC',1,'MODIFY_AUDIO_SETTINGS'),('Voloco',6,'MODIFY_AUDIO_SETTINGS'),('Waze',1,'MODIFY_AUDIO_SETTINGS'),('Waze',3,'MODIFY_AUDIO_SETTINGS'),('Waze',4,'MODIFY_AUDIO_SETTINGS'),('Waze',6,'MODIFY_AUDIO_SETTINGS'),('WhatsApp',1,'MODIFY_AUDIO_SETTINGS'),('WhatsApp',2,'MODIFY_AUDIO_SETTINGS'),('WhatsApp',3,'MODIFY_AUDIO_SETTINGS'),('WhatsApp',4,'MODIFY_AUDIO_SETTINGS'),('WhatsApp',6,'MODIFY_AUDIO_SETTINGS'),('Wikiloc',1,'MODIFY_AUDIO_SETTINGS'),('Wikiloc',2,'MODIFY_AUDIO_SETTINGS'),('SideSyncSource',1,'MODIFY_PHONE_STATE'),('360 Security Lite',1,'MOUNT_UNMOUNT_FILESYSTEMS'),('360 Security Lite',3,'MOUNT_UNMOUNT_FILESYSTEMS'),('360 Security Lite',4,'MOUNT_UNMOUNT_FILESYSTEMS'),('BlurbCheckout',1,'MOUNT_UNMOUNT_FILESYSTEMS'),('Earth',1,'NFC'),('Earth',3,'NFC'),('Earth',4,'NFC'),('Fever',1,'NFC'),('Maps',1,'NFC'),('Maps',2,'NFC'),('Maps',6,'NFC'),('Messenger',6,'NFC'),('Mi TarjetaTP',6,'NFC'),('My Boy! Free',1,'NFC'),('My Boy! Free',3,'NFC'),('My Boy! Free',4,'NFC'),('My OldBoy! Free',1,'NFC'),('My OldBoy! Free',3,'NFC'),('My OldBoy! Free',4,'NFC'),('Spotify',1,'NFC'),('Spotify',6,'NFC'),('WhatsApp',1,'NFC'),('WhatsApp',2,'NFC'),('WhatsApp',6,'NFC'),('360 Security Lite',1,'PACKAGE_USAGE_STATS'),('360 Security Lite',3,'PACKAGE_USAGE_STATS'),('360 Security Lite',4,'PACKAGE_USAGE_STATS'),(' TSF Launcher Prime',1,'PERSISTENT_ACTIVITY'),('Alpify',1,'PROCESS_OUTGOING_CALLS'),('Alpify',2,'PROCESS_OUTGOING_CALLS'),('Messenger',6,'PROCESS_OUTGOING_CALLS'),('Tuenti',6,'PROCESS_OUTGOING_CALLS'),('Allo',6,'READ_CALENDAR'),('Calendario',6,'READ_CALENDAR'),('Facebook',1,'READ_CALENDAR'),('Facebook',2,'READ_CALENDAR'),('Facebook',6,'READ_CALENDAR'),('Mi Vodafone',6,'READ_CALENDAR'),('Peel Smart Remote',1,'READ_CALENDAR'),('Waze',1,'READ_CALENDAR'),('Waze',3,'READ_CALENDAR'),('Waze',4,'READ_CALENDAR'),('Waze',6,'READ_CALENDAR'),('ACQUIRE',1,'READ_CALL_LOG'),('ACQUIRE',3,'READ_CALL_LOG'),('ACQUIRE',4,'READ_CALL_LOG'),(' TSF Launcher Prime',1,'READ_CALL_LOG'),('HERE Maps',1,'READ_CALL_LOG'),('HERE Maps',3,'READ_CALL_LOG'),('HERE Maps',4,'READ_CALL_LOG'),('HERE WeGo',6,'READ_CALL_LOG'),('Messenger',1,'READ_CALL_LOG'),('Messenger',6,'READ_CALL_LOG'),('Mi Vodafone',6,'READ_CALL_LOG'),('Tuenti',6,'READ_CALL_LOG'),('ACQUIRE',1,'READ_CONTACTS'),('ACQUIRE',3,'READ_CONTACTS'),('ACQUIRE',4,'READ_CONTACTS'),('Allo',6,'READ_CONTACTS'),('Alpify',1,'READ_CONTACTS'),('Alpify',2,'READ_CONTACTS'),(' TSF Launcher Prime',1,'READ_CONTACTS'),('Barcode Scanner',1,'READ_CONTACTS'),('Barcode Scanner',3,'READ_CONTACTS'),('Barcode Scanner',4,'READ_CONTACTS'),('BBVA',1,'READ_CONTACTS'),('BBVA',2,'READ_CONTACTS'),('Calendario',6,'READ_CONTACTS'),('Drive',1,'READ_CONTACTS'),('Drive',2,'READ_CONTACTS'),('Drive',6,'READ_CONTACTS'),('Duo',1,'READ_CONTACTS'),('Duo',3,'READ_CONTACTS'),('Duo',4,'READ_CONTACTS'),('Duo',6,'READ_CONTACTS'),('Facebook',1,'READ_CONTACTS'),('Facebook',2,'READ_CONTACTS'),('Facebook',6,'READ_CONTACTS'),('Fever',1,'READ_CONTACTS'),('HERE Maps',1,'READ_CONTACTS'),('HERE Maps',3,'READ_CONTACTS'),('HERE Maps',4,'READ_CONTACTS'),('HERE WeGo',6,'READ_CONTACTS'),('Instagram',6,'READ_CONTACTS'),('Maps',1,'READ_CONTACTS'),('Maps',2,'READ_CONTACTS'),('Maps',6,'READ_CONTACTS'),('MEGA',6,'READ_CONTACTS'),('Messenger',1,'READ_CONTACTS'),('Messenger',6,'READ_CONTACTS'),('Santander',6,'READ_CONTACTS'),('SideSyncSource',1,'READ_CONTACTS'),('Snapchat',6,'READ_CONTACTS'),('Teclado de Google',6,'READ_CONTACTS'),('Telegram',1,'READ_CONTACTS'),('Telegram',3,'READ_CONTACTS'),('Telegram',4,'READ_CONTACTS'),('Telegram',6,'READ_CONTACTS'),('Tuenti',6,'READ_CONTACTS'),('Twitter',1,'READ_CONTACTS'),('Twitter',6,'READ_CONTACTS'),('Vine',1,'READ_CONTACTS'),('Vine',6,'READ_CONTACTS'),('Waze',1,'READ_CONTACTS'),('Waze',3,'READ_CONTACTS'),('Waze',4,'READ_CONTACTS'),('Waze',6,'READ_CONTACTS'),('WhatsApp',1,'READ_CONTACTS'),('WhatsApp',2,'READ_CONTACTS'),('WhatsApp',3,'READ_CONTACTS'),('WhatsApp',4,'READ_CONTACTS'),('WhatsApp',6,'READ_CONTACTS'),('Wikiloc',1,'READ_CONTACTS'),('Wikiloc',2,'READ_CONTACTS'),('360 Security Lite',1,'READ_EXTERNAL_STORAGE'),('360 Security Lite',3,'READ_EXTERNAL_STORAGE'),('360 Security Lite',4,'READ_EXTERNAL_STORAGE'),('3G Watchdog Pro',6,'READ_EXTERNAL_STORAGE'),('ACQUIRE',1,'READ_EXTERNAL_STORAGE'),('ACQUIRE',3,'READ_EXTERNAL_STORAGE'),('ACQUIRE',4,'READ_EXTERNAL_STORAGE'),('Adobe Acrobat',6,'READ_EXTERNAL_STORAGE'),('Allo',6,'READ_EXTERNAL_STORAGE'),('Alpify',1,'READ_EXTERNAL_STORAGE'),('Alpify',2,'READ_EXTERNAL_STORAGE'),('Amazon Kindle',1,'READ_EXTERNAL_STORAGE'),('Ant Smasher',1,'READ_EXTERNAL_STORAGE'),('Atresplayer',1,'READ_EXTERNAL_STORAGE'),('Audio Rocket',6,'READ_EXTERNAL_STORAGE'),(' TSF Launcher Prime',1,'READ_EXTERNAL_STORAGE'),('Bankia',1,'READ_EXTERNAL_STORAGE'),('Barcode Scanner',1,'READ_EXTERNAL_STORAGE'),('Barcode Scanner',3,'READ_EXTERNAL_STORAGE'),('Barcode Scanner',4,'READ_EXTERNAL_STORAGE'),('BBTAN',6,'READ_EXTERNAL_STORAGE'),('BBVA',1,'READ_EXTERNAL_STORAGE'),('BBVA',2,'READ_EXTERNAL_STORAGE'),('BetterBatteryStats',6,'READ_EXTERNAL_STORAGE'),('BlaBlaCar',6,'READ_EXTERNAL_STORAGE'),('BlurbCheckout',1,'READ_EXTERNAL_STORAGE'),('Boomerang',6,'READ_EXTERNAL_STORAGE'),('Burger King®',1,'READ_EXTERNAL_STORAGE'),('Cambiador de voz con efectos',6,'READ_EXTERNAL_STORAGE'),('CamScanner',6,'READ_EXTERNAL_STORAGE'),('Candy Camera',1,'READ_EXTERNAL_STORAGE'),('Caustic',1,'READ_EXTERNAL_STORAGE'),('convertidor de audio',6,'READ_EXTERNAL_STORAGE'),('Curse',6,'READ_EXTERNAL_STORAGE'),('Drive',1,'READ_EXTERNAL_STORAGE'),('Drive',2,'READ_EXTERNAL_STORAGE'),('Drive',6,'READ_EXTERNAL_STORAGE'),('Drum Pads 24',6,'READ_EXTERNAL_STORAGE'),('Earth',1,'READ_EXTERNAL_STORAGE'),('Earth',3,'READ_EXTERNAL_STORAGE'),('Earth',4,'READ_EXTERNAL_STORAGE'),('Easy Unrar',1,'READ_EXTERNAL_STORAGE'),('EETAN',6,'READ_EXTERNAL_STORAGE'),('Facebook',1,'READ_EXTERNAL_STORAGE'),('Facebook',2,'READ_EXTERNAL_STORAGE'),('Facebook',6,'READ_EXTERNAL_STORAGE'),('Facturación de Samsung',1,'READ_EXTERNAL_STORAGE'),('Fever',1,'READ_EXTERNAL_STORAGE'),('Foxit PDF',1,'READ_EXTERNAL_STORAGE'),('Freedom',6,'READ_EXTERNAL_STORAGE'),('Geometry Dash Lite',6,'READ_EXTERNAL_STORAGE'),('HERE Maps',1,'READ_EXTERNAL_STORAGE'),('HERE Maps',3,'READ_EXTERNAL_STORAGE'),('HERE Maps',4,'READ_EXTERNAL_STORAGE'),('HERE WeGo',6,'READ_EXTERNAL_STORAGE'),('ilos videos',6,'READ_EXTERNAL_STORAGE'),('Instagram',6,'READ_EXTERNAL_STORAGE'),('LectureNotes',1,'READ_EXTERNAL_STORAGE'),('Madrid Metro|Bus|Cercanias',6,'READ_EXTERNAL_STORAGE'),('Maps',1,'READ_EXTERNAL_STORAGE'),('Maps',2,'READ_EXTERNAL_STORAGE'),('Maps',6,'READ_EXTERNAL_STORAGE'),('Meetic',1,'READ_EXTERNAL_STORAGE'),('MEGA',6,'READ_EXTERNAL_STORAGE'),('Messenger',1,'READ_EXTERNAL_STORAGE'),('Messenger',6,'READ_EXTERNAL_STORAGE'),('Mi TarjetaTP',6,'READ_EXTERNAL_STORAGE'),('Mi Vodafone',6,'READ_EXTERNAL_STORAGE'),('Moments',6,'READ_EXTERNAL_STORAGE'),('Music Maker Jam',6,'READ_EXTERNAL_STORAGE'),('My Boy! Free',1,'READ_EXTERNAL_STORAGE'),('My Boy! Free',3,'READ_EXTERNAL_STORAGE'),('My Boy! Free',4,'READ_EXTERNAL_STORAGE'),('My OldBoy! Free',1,'READ_EXTERNAL_STORAGE'),('My OldBoy! Free',3,'READ_EXTERNAL_STORAGE'),('My OldBoy! Free',4,'READ_EXTERNAL_STORAGE'),('Peel Smart Remote',1,'READ_EXTERNAL_STORAGE'),('PlayerPro',1,'READ_EXTERNAL_STORAGE'),('PlayerPro',4,'READ_EXTERNAL_STORAGE'),('Prisma',1,'READ_EXTERNAL_STORAGE'),('Prisma',2,'READ_EXTERNAL_STORAGE'),('Prisma',6,'READ_EXTERNAL_STORAGE'),('Repost',6,'READ_EXTERNAL_STORAGE'),('Samsung In-App Purchase',1,'READ_EXTERNAL_STORAGE'),('Santander',6,'READ_EXTERNAL_STORAGE'),('Síntesis de Google',6,'READ_EXTERNAL_STORAGE'),('Series.ly',1,'READ_EXTERNAL_STORAGE'),('Shazam',6,'READ_EXTERNAL_STORAGE'),('SideSyncPlayer',1,'READ_EXTERNAL_STORAGE'),('SideSyncSource',1,'READ_EXTERNAL_STORAGE'),('Snapchat',6,'READ_EXTERNAL_STORAGE'),('Spotify',1,'READ_EXTERNAL_STORAGE'),('Spotify',6,'READ_EXTERNAL_STORAGE'),('Teclado de Google',6,'READ_EXTERNAL_STORAGE'),('Telegram',1,'READ_EXTERNAL_STORAGE'),('Telegram',3,'READ_EXTERNAL_STORAGE'),('Telegram',4,'READ_EXTERNAL_STORAGE'),('Telegram',6,'READ_EXTERNAL_STORAGE'),('Termux',6,'READ_EXTERNAL_STORAGE'),('Tuenti',6,'READ_EXTERNAL_STORAGE'),('Twitter',1,'READ_EXTERNAL_STORAGE'),('Twitter',6,'READ_EXTERNAL_STORAGE'),('UC3M Aula Global',1,'READ_EXTERNAL_STORAGE'),('VideoDownloader',6,'READ_EXTERNAL_STORAGE'),('Vine',1,'READ_EXTERNAL_STORAGE'),('Vine',6,'READ_EXTERNAL_STORAGE'),('VLC',1,'READ_EXTERNAL_STORAGE'),('Voloco',6,'READ_EXTERNAL_STORAGE'),('Wallapop',1,'READ_EXTERNAL_STORAGE'),('Wallapop',3,'READ_EXTERNAL_STORAGE'),('Wallapop',4,'READ_EXTERNAL_STORAGE'),('Wallapop',6,'READ_EXTERNAL_STORAGE'),('Waze',1,'READ_EXTERNAL_STORAGE'),('Waze',3,'READ_EXTERNAL_STORAGE'),('Waze',4,'READ_EXTERNAL_STORAGE'),('Waze',6,'READ_EXTERNAL_STORAGE'),('WhatsApp',1,'READ_EXTERNAL_STORAGE'),('WhatsApp',2,'READ_EXTERNAL_STORAGE'),('WhatsApp',3,'READ_EXTERNAL_STORAGE'),('WhatsApp',4,'READ_EXTERNAL_STORAGE'),('WhatsApp',6,'READ_EXTERNAL_STORAGE'),('Wikiloc',1,'READ_EXTERNAL_STORAGE'),('Wikiloc',2,'READ_EXTERNAL_STORAGE'),('WLANAudit',1,'READ_EXTERNAL_STORAGE'),('SideSyncPlayer',1,'READ_FRAME_BUFFER'),(' TSF Launcher Prime',1,'READ_LOGS'),('BetterBatteryStats',6,'READ_LOGS'),('Freedom',6,'READ_LOGS'),('Mi Vodafone',6,'READ_LOGS'),('Tuenti',6,'READ_LOGS'),('VLC',1,'READ_LOGS'),('360 Security Lite',1,'READ_PHONE_STATE'),('360 Security Lite',3,'READ_PHONE_STATE'),('360 Security Lite',4,'READ_PHONE_STATE'),('3G Watchdog Pro',6,'READ_PHONE_STATE'),('AllCast Premium',1,'READ_PHONE_STATE'),('Allo',6,'READ_PHONE_STATE'),('Alpify',1,'READ_PHONE_STATE'),('Alpify',2,'READ_PHONE_STATE'),('Amazon Kindle',1,'READ_PHONE_STATE'),('Ant Smasher',1,'READ_PHONE_STATE'),('Atresplayer',1,'READ_PHONE_STATE'),(' TSF Launcher Prime',1,'READ_PHONE_STATE'),('BBVA',1,'READ_PHONE_STATE'),('BBVA',2,'READ_PHONE_STATE'),('BetterBatteryStats',6,'READ_PHONE_STATE'),('BlaBlaCar',6,'READ_PHONE_STATE'),('BlurbCheckout',1,'READ_PHONE_STATE'),('CamScanner',6,'READ_PHONE_STATE'),('Candy Camera',1,'READ_PHONE_STATE'),('convertidor de audio',6,'READ_PHONE_STATE'),('Curse',6,'READ_PHONE_STATE'),('Duo',1,'READ_PHONE_STATE'),('Duo',3,'READ_PHONE_STATE'),('Duo',4,'READ_PHONE_STATE'),('Duo',6,'READ_PHONE_STATE'),('EETAN',6,'READ_PHONE_STATE'),('Facebook',1,'READ_PHONE_STATE'),('Facebook',2,'READ_PHONE_STATE'),('Facebook',6,'READ_PHONE_STATE'),('Facturación de Samsung',1,'READ_PHONE_STATE'),('Fever',1,'READ_PHONE_STATE'),('Foxit PDF',1,'READ_PHONE_STATE'),('Freedom',6,'READ_PHONE_STATE'),('Geometry Dash Lite',6,'READ_PHONE_STATE'),('HERE Maps',1,'READ_PHONE_STATE'),('HERE Maps',3,'READ_PHONE_STATE'),('HERE Maps',4,'READ_PHONE_STATE'),('HERE WeGo',6,'READ_PHONE_STATE'),('Instagram',6,'READ_PHONE_STATE'),('Messenger',1,'READ_PHONE_STATE'),('Messenger',6,'READ_PHONE_STATE'),('Mi Vodafone',6,'READ_PHONE_STATE'),('Moments',6,'READ_PHONE_STATE'),('PlayerPro',1,'READ_PHONE_STATE'),('PlayerPro',4,'READ_PHONE_STATE'),('Samsung In-App Purchase',1,'READ_PHONE_STATE'),('Santander',6,'READ_PHONE_STATE'),('SideSyncPlayer',1,'READ_PHONE_STATE'),('SideSyncSource',1,'READ_PHONE_STATE'),('SimilDroid',1,'READ_PHONE_STATE'),('SimilDroid',2,'READ_PHONE_STATE'),('SimilDroid',3,'READ_PHONE_STATE'),('SimilDroid',4,'READ_PHONE_STATE'),('SimilDroid',6,'READ_PHONE_STATE'),('Snapchat',6,'READ_PHONE_STATE'),('Spotify',1,'READ_PHONE_STATE'),('Spotify',6,'READ_PHONE_STATE'),('Telegram',1,'READ_PHONE_STATE'),('Telegram',3,'READ_PHONE_STATE'),('Telegram',4,'READ_PHONE_STATE'),('Telegram',6,'READ_PHONE_STATE'),('Tuenti',6,'READ_PHONE_STATE'),('Twitter',1,'READ_PHONE_STATE'),('Twitter',6,'READ_PHONE_STATE'),('VideoDownloader',6,'READ_PHONE_STATE'),('Vine',1,'READ_PHONE_STATE'),('Vine',6,'READ_PHONE_STATE'),('VLC',1,'READ_PHONE_STATE'),('Wallapop',1,'READ_PHONE_STATE'),('Wallapop',3,'READ_PHONE_STATE'),('Wallapop',4,'READ_PHONE_STATE'),('Wallapop',6,'READ_PHONE_STATE'),('Waze',1,'READ_PHONE_STATE'),('Waze',3,'READ_PHONE_STATE'),('Waze',4,'READ_PHONE_STATE'),('Waze',6,'READ_PHONE_STATE'),('WhatsApp',1,'READ_PHONE_STATE'),('WhatsApp',2,'READ_PHONE_STATE'),('WhatsApp',3,'READ_PHONE_STATE'),('WhatsApp',4,'READ_PHONE_STATE'),('WhatsApp',6,'READ_PHONE_STATE'),('ACQUIRE',1,'READ_SMS'),('ACQUIRE',3,'READ_SMS'),('ACQUIRE',4,'READ_SMS'),('Allo',6,'READ_SMS'),('Duo',1,'READ_SMS'),('Duo',3,'READ_SMS'),('Duo',4,'READ_SMS'),('Duo',6,'READ_SMS'),('Facebook',1,'READ_SMS'),('Facebook',2,'READ_SMS'),('Facebook',6,'READ_SMS'),('Messenger',1,'READ_SMS'),('Messenger',6,'READ_SMS'),('Mi Vodafone',6,'READ_SMS'),('Santander',6,'READ_SMS'),('Tuenti',6,'READ_SMS'),('Waze',1,'READ_SMS'),('Waze',3,'READ_SMS'),('Waze',4,'READ_SMS'),('Waze',6,'READ_SMS'),('Calendario',6,'READ_SYNC_SETTINGS'),('Drive',1,'READ_SYNC_SETTINGS'),('Drive',2,'READ_SYNC_SETTINGS'),('Drive',6,'READ_SYNC_SETTINGS'),('Facebook',1,'READ_SYNC_SETTINGS'),('Facebook',2,'READ_SYNC_SETTINGS'),('Facebook',6,'READ_SYNC_SETTINGS'),('Maps',1,'READ_SYNC_SETTINGS'),('Maps',2,'READ_SYNC_SETTINGS'),('Maps',6,'READ_SYNC_SETTINGS'),('Messenger',1,'READ_SYNC_SETTINGS'),('Messenger',6,'READ_SYNC_SETTINGS'),('Shazam',6,'READ_SYNC_SETTINGS'),('Telegram',1,'READ_SYNC_SETTINGS'),('Telegram',3,'READ_SYNC_SETTINGS'),('Telegram',4,'READ_SYNC_SETTINGS'),('Telegram',6,'READ_SYNC_SETTINGS'),('Tuenti',6,'READ_SYNC_SETTINGS'),('Twitter',1,'READ_SYNC_SETTINGS'),('Twitter',6,'READ_SYNC_SETTINGS'),('Vine',1,'READ_SYNC_SETTINGS'),('Vine',6,'READ_SYNC_SETTINGS'),('Waze',1,'READ_SYNC_SETTINGS'),('Waze',3,'READ_SYNC_SETTINGS'),('Waze',4,'READ_SYNC_SETTINGS'),('Waze',6,'READ_SYNC_SETTINGS'),('WhatsApp',1,'READ_SYNC_SETTINGS'),('WhatsApp',2,'READ_SYNC_SETTINGS'),('WhatsApp',3,'READ_SYNC_SETTINGS'),('WhatsApp',4,'READ_SYNC_SETTINGS'),('WhatsApp',6,'READ_SYNC_SETTINGS'),('Calendario',6,'READ_SYNC_STATS'),('Drive',1,'READ_SYNC_STATS'),('Drive',2,'READ_SYNC_STATS'),('Drive',6,'READ_SYNC_STATS'),('Tuenti',6,'READ_SYNC_STATS'),('Vine',1,'READ_SYNC_STATS'),('Vine',6,'READ_SYNC_STATS'),('Waze',1,'READ_SYNC_STATS'),('Waze',3,'READ_SYNC_STATS'),('Waze',4,'READ_SYNC_STATS'),('Waze',6,'READ_SYNC_STATS'),('WhatsApp',1,'READ_SYNC_STATS'),('WhatsApp',2,'READ_SYNC_STATS'),('WhatsApp',3,'READ_SYNC_STATS'),('WhatsApp',4,'READ_SYNC_STATS'),('WhatsApp',6,'READ_SYNC_STATS'),('Freedom',6,'REBOOT'),('360 Security Lite',1,'RECEIVE_BOOT_COMPLETED'),('360 Security Lite',3,'RECEIVE_BOOT_COMPLETED'),('360 Security Lite',4,'RECEIVE_BOOT_COMPLETED'),('3G Watchdog Pro',6,'RECEIVE_BOOT_COMPLETED'),('Allo',6,'RECEIVE_BOOT_COMPLETED'),('Alpify',1,'RECEIVE_BOOT_COMPLETED'),('Alpify',2,'RECEIVE_BOOT_COMPLETED'),('Amazon Kindle',1,'RECEIVE_BOOT_COMPLETED'),('Ampere',6,'RECEIVE_BOOT_COMPLETED'),(' TSF Launcher Prime',1,'RECEIVE_BOOT_COMPLETED'),('BetterBatteryStats',6,'RECEIVE_BOOT_COMPLETED'),('BlurbCheckout',1,'RECEIVE_BOOT_COMPLETED'),('Calendario',6,'RECEIVE_BOOT_COMPLETED'),('Candy Camera',1,'RECEIVE_BOOT_COMPLETED'),('Facebook',1,'RECEIVE_BOOT_COMPLETED'),('Facebook',2,'RECEIVE_BOOT_COMPLETED'),('Facebook',6,'RECEIVE_BOOT_COMPLETED'),('Facturación de Samsung',1,'RECEIVE_BOOT_COMPLETED'),('Freedom',6,'RECEIVE_BOOT_COMPLETED'),('Instagram',6,'RECEIVE_BOOT_COMPLETED'),('Madrid Metro|Bus|Cercanias',6,'RECEIVE_BOOT_COMPLETED'),('Maps',1,'RECEIVE_BOOT_COMPLETED'),('Maps',2,'RECEIVE_BOOT_COMPLETED'),('Maps',6,'RECEIVE_BOOT_COMPLETED'),('Messenger',1,'RECEIVE_BOOT_COMPLETED'),('Messenger',6,'RECEIVE_BOOT_COMPLETED'),('Mi Vodafone',6,'RECEIVE_BOOT_COMPLETED'),('Moments',6,'RECEIVE_BOOT_COMPLETED'),('Music Maker Jam',6,'RECEIVE_BOOT_COMPLETED'),('Peel Smart Remote',1,'RECEIVE_BOOT_COMPLETED'),('PlayerPro',1,'RECEIVE_BOOT_COMPLETED'),('PlayerPro',4,'RECEIVE_BOOT_COMPLETED'),('Repost',6,'RECEIVE_BOOT_COMPLETED'),('Series.ly',1,'RECEIVE_BOOT_COMPLETED'),('SideSyncPlayer',1,'RECEIVE_BOOT_COMPLETED'),('SideSyncSource',1,'RECEIVE_BOOT_COMPLETED'),('SplenDO',6,'RECEIVE_BOOT_COMPLETED'),('Teclado de Google',6,'RECEIVE_BOOT_COMPLETED'),('Telegram',1,'RECEIVE_BOOT_COMPLETED'),('Telegram',3,'RECEIVE_BOOT_COMPLETED'),('Telegram',4,'RECEIVE_BOOT_COMPLETED'),('Telegram',6,'RECEIVE_BOOT_COMPLETED'),('Tuenti',6,'RECEIVE_BOOT_COMPLETED'),('Twitter',1,'RECEIVE_BOOT_COMPLETED'),('Twitter',6,'RECEIVE_BOOT_COMPLETED'),('Vine',1,'RECEIVE_BOOT_COMPLETED'),('Vine',6,'RECEIVE_BOOT_COMPLETED'),('Wallapop',1,'RECEIVE_BOOT_COMPLETED'),('Wallapop',3,'RECEIVE_BOOT_COMPLETED'),('Wallapop',4,'RECEIVE_BOOT_COMPLETED'),('Wallapop',6,'RECEIVE_BOOT_COMPLETED'),('Waze',1,'RECEIVE_BOOT_COMPLETED'),('Waze',3,'RECEIVE_BOOT_COMPLETED'),('Waze',4,'RECEIVE_BOOT_COMPLETED'),('Waze',6,'RECEIVE_BOOT_COMPLETED'),('WhatsApp',1,'RECEIVE_BOOT_COMPLETED'),('WhatsApp',2,'RECEIVE_BOOT_COMPLETED'),('WhatsApp',3,'RECEIVE_BOOT_COMPLETED'),('WhatsApp',4,'RECEIVE_BOOT_COMPLETED'),('WhatsApp',6,'RECEIVE_BOOT_COMPLETED'),('Messenger',1,'RECEIVE_MMS'),('Messenger',6,'RECEIVE_MMS'),('SideSyncSource',1,'RECEIVE_MMS'),('Allo',6,'RECEIVE_SMS'),('Alpify',1,'RECEIVE_SMS'),('Alpify',2,'RECEIVE_SMS'),('BBVA',1,'RECEIVE_SMS'),('BBVA',2,'RECEIVE_SMS'),('Duo',1,'RECEIVE_SMS'),('Duo',3,'RECEIVE_SMS'),('Duo',4,'RECEIVE_SMS'),('Duo',6,'RECEIVE_SMS'),('Facturación de Samsung',1,'RECEIVE_SMS'),('Instagram',6,'RECEIVE_SMS'),('Messenger',1,'RECEIVE_SMS'),('Messenger',6,'RECEIVE_SMS'),('Mi Vodafone',6,'RECEIVE_SMS'),('Santander',6,'RECEIVE_SMS'),('Snapchat',6,'RECEIVE_SMS'),('Telegram',1,'RECEIVE_SMS'),('Telegram',3,'RECEIVE_SMS'),('Telegram',4,'RECEIVE_SMS'),('Telegram',6,'RECEIVE_SMS'),('Tuenti',6,'RECEIVE_SMS'),('Twitter',1,'RECEIVE_SMS'),('Twitter',6,'RECEIVE_SMS'),('Waze',1,'RECEIVE_SMS'),('Waze',3,'RECEIVE_SMS'),('Waze',4,'RECEIVE_SMS'),('Waze',6,'RECEIVE_SMS'),('WhatsApp',1,'RECEIVE_SMS'),('WhatsApp',2,'RECEIVE_SMS'),('WhatsApp',3,'RECEIVE_SMS'),('WhatsApp',4,'RECEIVE_SMS'),('WhatsApp',6,'RECEIVE_SMS'),('Allo',6,'RECORD_AUDIO'),('Cambiador de voz con efectos',6,'RECORD_AUDIO'),('Caustic',1,'RECORD_AUDIO'),('Curse',6,'RECORD_AUDIO'),('Duo',1,'RECORD_AUDIO'),('Duo',3,'RECORD_AUDIO'),('Duo',4,'RECORD_AUDIO'),('Duo',6,'RECORD_AUDIO'),('Facebook',1,'RECORD_AUDIO'),('Facebook',2,'RECORD_AUDIO'),('Facebook',6,'RECORD_AUDIO'),('ilos videos',6,'RECORD_AUDIO'),('Instagram',6,'RECORD_AUDIO'),('Messenger',1,'RECORD_AUDIO'),('Messenger',6,'RECORD_AUDIO'),('Music Maker Jam',6,'RECORD_AUDIO'),('Shazam',6,'RECORD_AUDIO'),('SideSyncPlayer',1,'RECORD_AUDIO'),('SideSyncSource',1,'RECORD_AUDIO'),('Snapchat',6,'RECORD_AUDIO'),('Telegram',1,'RECORD_AUDIO'),('Telegram',3,'RECORD_AUDIO'),('Telegram',4,'RECORD_AUDIO'),('Telegram',6,'RECORD_AUDIO'),('Tuenti',6,'RECORD_AUDIO'),('Twitter',1,'RECORD_AUDIO'),('Twitter',6,'RECORD_AUDIO'),('Vine',1,'RECORD_AUDIO'),('Vine',6,'RECORD_AUDIO'),('Voloco',6,'RECORD_AUDIO'),('Waze',1,'RECORD_AUDIO'),('Waze',3,'RECORD_AUDIO'),('Waze',4,'RECORD_AUDIO'),('Waze',6,'RECORD_AUDIO'),('WhatsApp',1,'RECORD_AUDIO'),('WhatsApp',2,'RECORD_AUDIO'),('WhatsApp',3,'RECORD_AUDIO'),('WhatsApp',4,'RECORD_AUDIO'),('WhatsApp',6,'RECORD_AUDIO'),('Tuenti',6,'REQUEST_IGNORE_BATTERY_OPTIMIZATIONS'),('Facebook',1,'REQUEST_INSTALL_PACKAGES'),('Facebook',2,'REQUEST_INSTALL_PACKAGES'),('Facebook',6,'REQUEST_INSTALL_PACKAGES'),('Messenger',6,'REQUEST_INSTALL_PACKAGES'),('Moments',6,'REQUEST_INSTALL_PACKAGES'),(' TSF Launcher Prime',1,'RESTART_PACKAGES'),('Facturación de Samsung',1,'SEND_SMS'),('HERE Maps',1,'SEND_SMS'),('HERE Maps',3,'SEND_SMS'),('HERE Maps',4,'SEND_SMS'),('HERE WeGo',6,'SEND_SMS'),('Messenger',1,'SEND_SMS'),('Messenger',6,'SEND_SMS'),('Samsung In-App Purchase',1,'SEND_SMS'),('SideSyncSource',1,'SEND_SMS'),('Vine',1,'SEND_SMS'),('Vine',6,'SEND_SMS'),('WhatsApp',1,'SEND_SMS'),('WhatsApp',2,'SEND_SMS'),('WhatsApp',3,'SEND_SMS'),('WhatsApp',4,'SEND_SMS'),('WhatsApp',6,'SEND_SMS'),('360 Security Lite',1,'SET_ALARM'),('360 Security Lite',3,'SET_ALARM'),('360 Security Lite',4,'SET_ALARM'),('Allo',6,'SET_ALARM'),(' TSF Launcher Prime',1,'SET_WALLPAPER'),(' TSF Launcher Prime',1,'SET_WALLPAPER_HINTS'),('360 Security Lite',1,'SYSTEM_ALERT_WINDOW'),('360 Security Lite',3,'SYSTEM_ALERT_WINDOW'),('360 Security Lite',4,'SYSTEM_ALERT_WINDOW'),('Curse',6,'SYSTEM_ALERT_WINDOW'),('Facebook',1,'SYSTEM_ALERT_WINDOW'),('Facebook',2,'SYSTEM_ALERT_WINDOW'),('Facebook',6,'SYSTEM_ALERT_WINDOW'),('Messenger',1,'SYSTEM_ALERT_WINDOW'),('Messenger',6,'SYSTEM_ALERT_WINDOW'),('Moments',6,'SYSTEM_ALERT_WINDOW'),('PlayerPro',1,'SYSTEM_ALERT_WINDOW'),('PlayerPro',4,'SYSTEM_ALERT_WINDOW'),('Telegram',1,'SYSTEM_ALERT_WINDOW'),('Telegram',3,'SYSTEM_ALERT_WINDOW'),('Telegram',4,'SYSTEM_ALERT_WINDOW'),('Telegram',6,'SYSTEM_ALERT_WINDOW'),('Tuenti',6,'SYSTEM_ALERT_WINDOW'),('Twitter',1,'SYSTEM_ALERT_WINDOW'),('Twitter',6,'SYSTEM_ALERT_WINDOW'),('Peel Smart Remote',1,'TRANSMIT_IR'),('360 Security Lite',1,'UNINSTALL_SHORTCUT'),('360 Security Lite',3,'UNINSTALL_SHORTCUT'),('360 Security Lite',4,'UNINSTALL_SHORTCUT'),('Drive',6,'UNINSTALL_SHORTCUT'),('HERE Maps',1,'UNINSTALL_SHORTCUT'),('HERE Maps',3,'UNINSTALL_SHORTCUT'),('HERE Maps',4,'UNINSTALL_SHORTCUT'),('HERE WeGo',6,'UNINSTALL_SHORTCUT'),('Instagram',6,'UNINSTALL_SHORTCUT'),('Telegram',1,'UNINSTALL_SHORTCUT'),('Telegram',3,'UNINSTALL_SHORTCUT'),('Telegram',4,'UNINSTALL_SHORTCUT'),('Telegram',6,'UNINSTALL_SHORTCUT'),('WhatsApp',1,'UNINSTALL_SHORTCUT'),('WhatsApp',2,'UNINSTALL_SHORTCUT'),('WhatsApp',3,'UNINSTALL_SHORTCUT'),('WhatsApp',4,'UNINSTALL_SHORTCUT'),('WhatsApp',6,'UNINSTALL_SHORTCUT'),('Telegram',1,'USE_FINGERPRINT'),('Telegram',3,'USE_FINGERPRINT'),('Telegram',4,'USE_FINGERPRINT'),('Telegram',6,'USE_FINGERPRINT'),('360 Security Lite',1,'VIBRATE'),('360 Security Lite',3,'VIBRATE'),('360 Security Lite',4,'VIBRATE'),('3G Watchdog Pro',6,'VIBRATE'),('Allo',6,'VIBRATE'),('Alpify',1,'VIBRATE'),('Alpify',2,'VIBRATE'),('Ampere',6,'VIBRATE'),('Ant Smasher',1,'VIBRATE'),(' TSF Launcher Prime',1,'VIBRATE'),('Barcode Scanner',1,'VIBRATE'),('Barcode Scanner',3,'VIBRATE'),('Barcode Scanner',4,'VIBRATE'),('BBTAN',6,'VIBRATE'),('BlaBlaCar',6,'VIBRATE'),('Brain It On!',6,'VIBRATE'),('Calendario',6,'VIBRATE'),('Cambiador de voz con efectos',6,'VIBRATE'),('Candy Camera',1,'VIBRATE'),('Curse',6,'VIBRATE'),('Drive',1,'VIBRATE'),('Drive',2,'VIBRATE'),('Drive',6,'VIBRATE'),('Drum Pads 24',6,'VIBRATE'),('Duo',1,'VIBRATE'),('Duo',3,'VIBRATE'),('Duo',4,'VIBRATE'),('Duo',6,'VIBRATE'),('Earth',1,'VIBRATE'),('Earth',3,'VIBRATE'),('Earth',4,'VIBRATE'),('EETAN',6,'VIBRATE'),('Facebook',1,'VIBRATE'),('Facebook',2,'VIBRATE'),('Facebook',6,'VIBRATE'),('Fever',1,'VIBRATE'),('Google Play Juegos',6,'VIBRATE'),('HERE Maps',1,'VIBRATE'),('HERE Maps',3,'VIBRATE'),('HERE Maps',4,'VIBRATE'),('HERE WeGo',6,'VIBRATE'),('Instagram',6,'VIBRATE'),('Madrid Metro|Bus|Cercanias',6,'VIBRATE'),('Maps',1,'VIBRATE'),('Maps',2,'VIBRATE'),('Maps',6,'VIBRATE'),('Meetic',1,'VIBRATE'),('Messenger',1,'VIBRATE'),('Messenger',6,'VIBRATE'),('Mi Vodafone',6,'VIBRATE'),('Moments',6,'VIBRATE'),('Music Maker Jam',6,'VIBRATE'),('My Boy! Free',1,'VIBRATE'),('My Boy! Free',3,'VIBRATE'),('My Boy! Free',4,'VIBRATE'),('My OldBoy! Free',1,'VIBRATE'),('My OldBoy! Free',3,'VIBRATE'),('My OldBoy! Free',4,'VIBRATE'),('Peel Smart Remote',1,'VIBRATE'),('PlayerPro',1,'VIBRATE'),('PlayerPro',4,'VIBRATE'),('Santander',6,'VIBRATE'),('Series.ly',1,'VIBRATE'),('Shazam',6,'VIBRATE'),('SideSyncPlayer',1,'VIBRATE'),('Snapchat',6,'VIBRATE'),('SplenDO',6,'VIBRATE'),('Teclado de Google',6,'VIBRATE'),('Telegram',1,'VIBRATE'),('Telegram',3,'VIBRATE'),('Telegram',4,'VIBRATE'),('Telegram',6,'VIBRATE'),('Termux',6,'VIBRATE'),('Tuenti',6,'VIBRATE'),('Twitter',1,'VIBRATE'),('Twitter',6,'VIBRATE'),('Vine',1,'VIBRATE'),('Vine',6,'VIBRATE'),('VLC',1,'VIBRATE'),('Wallapop',1,'VIBRATE'),('Wallapop',3,'VIBRATE'),('Wallapop',4,'VIBRATE'),('Wallapop',6,'VIBRATE'),('Waze',1,'VIBRATE'),('Waze',3,'VIBRATE'),('Waze',4,'VIBRATE'),('Waze',6,'VIBRATE'),('Westwing Home & Living',6,'VIBRATE'),('WhatsApp',1,'VIBRATE'),('WhatsApp',2,'VIBRATE'),('WhatsApp',3,'VIBRATE'),('WhatsApp',4,'VIBRATE'),('WhatsApp',6,'VIBRATE'),('Wikiloc',1,'VIBRATE'),('Wikiloc',2,'VIBRATE'),('360 Security Lite',1,'WAKE_LOCK'),('360 Security Lite',3,'WAKE_LOCK'),('360 Security Lite',4,'WAKE_LOCK'),('3G Watchdog Pro',6,'WAKE_LOCK'),('Allo',6,'WAKE_LOCK'),('Alpify',1,'WAKE_LOCK'),('Alpify',2,'WAKE_LOCK'),('Amazon Kindle',1,'WAKE_LOCK'),('Ampere',6,'WAKE_LOCK'),('Ant Smasher',1,'WAKE_LOCK'),('Atresplayer',1,'WAKE_LOCK'),('Audio Rocket',6,'WAKE_LOCK'),(' TSF Launcher Prime',1,'WAKE_LOCK'),('BBTAN',6,'WAKE_LOCK'),('BBVA',1,'WAKE_LOCK'),('BBVA',2,'WAKE_LOCK'),('BetterBatteryStats',6,'WAKE_LOCK'),('BlaBlaCar',6,'WAKE_LOCK'),('Brain It On!',6,'WAKE_LOCK'),('Burger King®',1,'WAKE_LOCK'),('Calendario',6,'WAKE_LOCK'),('Cambiador de voz con efectos',6,'WAKE_LOCK'),('Candy Camera',1,'WAKE_LOCK'),('Curse',6,'WAKE_LOCK'),('Drive',1,'WAKE_LOCK'),('Drive',2,'WAKE_LOCK'),('Drive',6,'WAKE_LOCK'),('Drum Pads 24',6,'WAKE_LOCK'),('Duo',1,'WAKE_LOCK'),('Duo',3,'WAKE_LOCK'),('Duo',4,'WAKE_LOCK'),('Duo',6,'WAKE_LOCK'),('Earth',1,'WAKE_LOCK'),('Earth',3,'WAKE_LOCK'),('Earth',4,'WAKE_LOCK'),('Facebook',1,'WAKE_LOCK'),('Facebook',2,'WAKE_LOCK'),('Facebook',6,'WAKE_LOCK'),('Fever',1,'WAKE_LOCK'),('Freedom',6,'WAKE_LOCK'),('HERE Maps',1,'WAKE_LOCK'),('HERE Maps',3,'WAKE_LOCK'),('HERE Maps',4,'WAKE_LOCK'),('HERE WeGo',6,'WAKE_LOCK'),('ilos videos',6,'WAKE_LOCK'),('Instagram',6,'WAKE_LOCK'),('Madrid Metro|Bus|Cercanias',6,'WAKE_LOCK'),('Maps',1,'WAKE_LOCK'),('Maps',2,'WAKE_LOCK'),('Maps',6,'WAKE_LOCK'),('mClassTest',1,'WAKE_LOCK'),('Meetic',1,'WAKE_LOCK'),('MEGA',6,'WAKE_LOCK'),('Messenger',1,'WAKE_LOCK'),('Messenger',6,'WAKE_LOCK'),('Mi Vodafone',6,'WAKE_LOCK'),('Moments',6,'WAKE_LOCK'),('Music Maker Jam',6,'WAKE_LOCK'),('Peel Smart Remote',1,'WAKE_LOCK'),('PlayerPro',1,'WAKE_LOCK'),('PlayerPro',4,'WAKE_LOCK'),('Prisma',6,'WAKE_LOCK'),('Santander',6,'WAKE_LOCK'),('Shazam',6,'WAKE_LOCK'),('SideSyncPlayer',1,'WAKE_LOCK'),('SideSyncSource',1,'WAKE_LOCK'),('Snapchat',6,'WAKE_LOCK'),('SplenDO',6,'WAKE_LOCK'),('Spotify',1,'WAKE_LOCK'),('Spotify',6,'WAKE_LOCK'),('Telegram',1,'WAKE_LOCK'),('Telegram',3,'WAKE_LOCK'),('Telegram',4,'WAKE_LOCK'),('Telegram',6,'WAKE_LOCK'),('Termux',6,'WAKE_LOCK'),('Tuenti',6,'WAKE_LOCK'),('Twitter',1,'WAKE_LOCK'),('Twitter',6,'WAKE_LOCK'),('VideoDownloader',6,'WAKE_LOCK'),('Vine',1,'WAKE_LOCK'),('Vine',6,'WAKE_LOCK'),('VLC',1,'WAKE_LOCK'),('Voloco',6,'WAKE_LOCK'),('Wallapop',1,'WAKE_LOCK'),('Wallapop',3,'WAKE_LOCK'),('Wallapop',4,'WAKE_LOCK'),('Wallapop',6,'WAKE_LOCK'),('Waze',1,'WAKE_LOCK'),('Waze',3,'WAKE_LOCK'),('Waze',4,'WAKE_LOCK'),('Waze',6,'WAKE_LOCK'),('Westwing Home & Living',6,'WAKE_LOCK'),('WhatsApp',1,'WAKE_LOCK'),('WhatsApp',2,'WAKE_LOCK'),('WhatsApp',3,'WAKE_LOCK'),('WhatsApp',4,'WAKE_LOCK'),('WhatsApp',6,'WAKE_LOCK'),('Wikiloc',1,'WAKE_LOCK'),('Wikiloc',2,'WAKE_LOCK'),('Allo',6,'WRITE_CALENDAR'),('Calendario',6,'WRITE_CALENDAR'),('Facebook',1,'WRITE_CALENDAR'),('Facebook',2,'WRITE_CALENDAR'),('Facebook',6,'WRITE_CALENDAR'),('Mi Vodafone',6,'WRITE_CALENDAR'),('Peel Smart Remote',1,'WRITE_CALENDAR'),('Tuenti',6,'WRITE_CALL_LOG'),('Allo',6,'WRITE_CONTACTS'),('Facebook',1,'WRITE_CONTACTS'),('Facebook',2,'WRITE_CONTACTS'),('Facebook',6,'WRITE_CONTACTS'),('Messenger',6,'WRITE_CONTACTS'),('Telegram',1,'WRITE_CONTACTS'),('Telegram',3,'WRITE_CONTACTS'),('Telegram',4,'WRITE_CONTACTS'),('Telegram',6,'WRITE_CONTACTS'),('Tuenti',6,'WRITE_CONTACTS'),('Waze',1,'WRITE_CONTACTS'),('Waze',3,'WRITE_CONTACTS'),('Waze',4,'WRITE_CONTACTS'),('Waze',6,'WRITE_CONTACTS'),('WhatsApp',1,'WRITE_CONTACTS'),('WhatsApp',2,'WRITE_CONTACTS'),('WhatsApp',3,'WRITE_CONTACTS'),('WhatsApp',4,'WRITE_CONTACTS'),('WhatsApp',6,'WRITE_CONTACTS'),('360 Security Lite',1,'WRITE_EXTERNAL_STORAGE'),('360 Security Lite',3,'WRITE_EXTERNAL_STORAGE'),('360 Security Lite',4,'WRITE_EXTERNAL_STORAGE'),('3G Watchdog Pro',6,'WRITE_EXTERNAL_STORAGE'),('ACQUIRE',1,'WRITE_EXTERNAL_STORAGE'),('ACQUIRE',3,'WRITE_EXTERNAL_STORAGE'),('ACQUIRE',4,'WRITE_EXTERNAL_STORAGE'),('Adobe Acrobat',6,'WRITE_EXTERNAL_STORAGE'),('Allo',6,'WRITE_EXTERNAL_STORAGE'),('Alpify',1,'WRITE_EXTERNAL_STORAGE'),('Alpify',2,'WRITE_EXTERNAL_STORAGE'),('Amazon Kindle',1,'WRITE_EXTERNAL_STORAGE'),('Ant Smasher',1,'WRITE_EXTERNAL_STORAGE'),('Atresplayer',1,'WRITE_EXTERNAL_STORAGE'),('Audio Rocket',6,'WRITE_EXTERNAL_STORAGE'),(' TSF Launcher Prime',1,'WRITE_EXTERNAL_STORAGE'),('Bankia',1,'WRITE_EXTERNAL_STORAGE'),('Barcode Scanner',1,'WRITE_EXTERNAL_STORAGE'),('Barcode Scanner',3,'WRITE_EXTERNAL_STORAGE'),('Barcode Scanner',4,'WRITE_EXTERNAL_STORAGE'),('BBTAN',6,'WRITE_EXTERNAL_STORAGE'),('BBVA',1,'WRITE_EXTERNAL_STORAGE'),('BBVA',2,'WRITE_EXTERNAL_STORAGE'),('BetterBatteryStats',6,'WRITE_EXTERNAL_STORAGE'),('BlaBlaCar',6,'WRITE_EXTERNAL_STORAGE'),('BlurbCheckout',1,'WRITE_EXTERNAL_STORAGE'),('Boomerang',6,'WRITE_EXTERNAL_STORAGE'),('Burger King®',1,'WRITE_EXTERNAL_STORAGE'),('Cambiador de voz con efectos',6,'WRITE_EXTERNAL_STORAGE'),('CamScanner',6,'WRITE_EXTERNAL_STORAGE'),('Candy Camera',1,'WRITE_EXTERNAL_STORAGE'),('Caustic',1,'WRITE_EXTERNAL_STORAGE'),('convertidor de audio',6,'WRITE_EXTERNAL_STORAGE'),('Curse',6,'WRITE_EXTERNAL_STORAGE'),('Drive',1,'WRITE_EXTERNAL_STORAGE'),('Drive',2,'WRITE_EXTERNAL_STORAGE'),('Drive',6,'WRITE_EXTERNAL_STORAGE'),('Drum Pads 24',6,'WRITE_EXTERNAL_STORAGE'),('Earth',1,'WRITE_EXTERNAL_STORAGE'),('Earth',3,'WRITE_EXTERNAL_STORAGE'),('Earth',4,'WRITE_EXTERNAL_STORAGE'),('Easy Unrar',1,'WRITE_EXTERNAL_STORAGE'),('EETAN',6,'WRITE_EXTERNAL_STORAGE'),('Facebook',1,'WRITE_EXTERNAL_STORAGE'),('Facebook',2,'WRITE_EXTERNAL_STORAGE'),('Facebook',6,'WRITE_EXTERNAL_STORAGE'),('Facturación de Samsung',1,'WRITE_EXTERNAL_STORAGE'),('Fever',1,'WRITE_EXTERNAL_STORAGE'),('Foxit PDF',1,'WRITE_EXTERNAL_STORAGE'),('Freedom',6,'WRITE_EXTERNAL_STORAGE'),('Geometry Dash Lite',6,'WRITE_EXTERNAL_STORAGE'),('HERE Maps',1,'WRITE_EXTERNAL_STORAGE'),('HERE Maps',3,'WRITE_EXTERNAL_STORAGE'),('HERE Maps',4,'WRITE_EXTERNAL_STORAGE'),('HERE WeGo',6,'WRITE_EXTERNAL_STORAGE'),('ilos videos',6,'WRITE_EXTERNAL_STORAGE'),('Instagram',6,'WRITE_EXTERNAL_STORAGE'),('LectureNotes',1,'WRITE_EXTERNAL_STORAGE'),('Madrid Metro|Bus|Cercanias',6,'WRITE_EXTERNAL_STORAGE'),('Maps',1,'WRITE_EXTERNAL_STORAGE'),('Maps',2,'WRITE_EXTERNAL_STORAGE'),('Maps',6,'WRITE_EXTERNAL_STORAGE'),('Meetic',1,'WRITE_EXTERNAL_STORAGE'),('MEGA',6,'WRITE_EXTERNAL_STORAGE'),('Messenger',1,'WRITE_EXTERNAL_STORAGE'),('Messenger',6,'WRITE_EXTERNAL_STORAGE'),('Mi TarjetaTP',6,'WRITE_EXTERNAL_STORAGE'),('Mi Vodafone',6,'WRITE_EXTERNAL_STORAGE'),('Moments',6,'WRITE_EXTERNAL_STORAGE'),('Music Maker Jam',6,'WRITE_EXTERNAL_STORAGE'),('My Boy! Free',1,'WRITE_EXTERNAL_STORAGE'),('My Boy! Free',3,'WRITE_EXTERNAL_STORAGE'),('My Boy! Free',4,'WRITE_EXTERNAL_STORAGE'),('My OldBoy! Free',1,'WRITE_EXTERNAL_STORAGE'),('My OldBoy! Free',3,'WRITE_EXTERNAL_STORAGE'),('My OldBoy! Free',4,'WRITE_EXTERNAL_STORAGE'),('Peel Smart Remote',1,'WRITE_EXTERNAL_STORAGE'),('PlayerPro',1,'WRITE_EXTERNAL_STORAGE'),('PlayerPro',4,'WRITE_EXTERNAL_STORAGE'),('Prisma',1,'WRITE_EXTERNAL_STORAGE'),('Prisma',2,'WRITE_EXTERNAL_STORAGE'),('Prisma',6,'WRITE_EXTERNAL_STORAGE'),('Repost',6,'WRITE_EXTERNAL_STORAGE'),('Samsung In-App Purchase',1,'WRITE_EXTERNAL_STORAGE'),('Santander',6,'WRITE_EXTERNAL_STORAGE'),('Síntesis de Google',6,'WRITE_EXTERNAL_STORAGE'),('Series.ly',1,'WRITE_EXTERNAL_STORAGE'),('Shazam',6,'WRITE_EXTERNAL_STORAGE'),('SideSyncPlayer',1,'WRITE_EXTERNAL_STORAGE'),('SideSyncSource',1,'WRITE_EXTERNAL_STORAGE'),('Snapchat',6,'WRITE_EXTERNAL_STORAGE'),('Spotify',1,'WRITE_EXTERNAL_STORAGE'),('Spotify',6,'WRITE_EXTERNAL_STORAGE'),('Telegram',1,'WRITE_EXTERNAL_STORAGE'),('Telegram',3,'WRITE_EXTERNAL_STORAGE'),('Telegram',4,'WRITE_EXTERNAL_STORAGE'),('Telegram',6,'WRITE_EXTERNAL_STORAGE'),('Termux',6,'WRITE_EXTERNAL_STORAGE'),('Tuenti',6,'WRITE_EXTERNAL_STORAGE'),('Twitter',1,'WRITE_EXTERNAL_STORAGE'),('Twitter',6,'WRITE_EXTERNAL_STORAGE'),('UC3M Aula Global',1,'WRITE_EXTERNAL_STORAGE'),('VideoDownloader',6,'WRITE_EXTERNAL_STORAGE'),('Vine',1,'WRITE_EXTERNAL_STORAGE'),('Vine',6,'WRITE_EXTERNAL_STORAGE'),('VLC',1,'WRITE_EXTERNAL_STORAGE'),('Voloco',6,'WRITE_EXTERNAL_STORAGE'),('Wallapop',1,'WRITE_EXTERNAL_STORAGE'),('Wallapop',3,'WRITE_EXTERNAL_STORAGE'),('Wallapop',4,'WRITE_EXTERNAL_STORAGE'),('Wallapop',6,'WRITE_EXTERNAL_STORAGE'),('Waze',1,'WRITE_EXTERNAL_STORAGE'),('Waze',3,'WRITE_EXTERNAL_STORAGE'),('Waze',4,'WRITE_EXTERNAL_STORAGE'),('Waze',6,'WRITE_EXTERNAL_STORAGE'),('WhatsApp',1,'WRITE_EXTERNAL_STORAGE'),('WhatsApp',2,'WRITE_EXTERNAL_STORAGE'),('WhatsApp',3,'WRITE_EXTERNAL_STORAGE'),('WhatsApp',4,'WRITE_EXTERNAL_STORAGE'),('WhatsApp',6,'WRITE_EXTERNAL_STORAGE'),('Wikiloc',1,'WRITE_EXTERNAL_STORAGE'),('Wikiloc',2,'WRITE_EXTERNAL_STORAGE'),('WLANAudit',1,'WRITE_EXTERNAL_STORAGE'),('Google Play Juegos',6,'WRITE_GSERVICES'),('SideSyncPlayer',1,'WRITE_SECURE_SETTINGS'),('SideSyncSource',1,'WRITE_SECURE_SETTINGS'),('360 Security Lite',1,'WRITE_SETTINGS'),('360 Security Lite',3,'WRITE_SETTINGS'),('360 Security Lite',4,'WRITE_SETTINGS'),('Amazon Kindle',1,'WRITE_SETTINGS'),(' TSF Launcher Prime',1,'WRITE_SETTINGS'),('Cambiador de voz con efectos',6,'WRITE_SETTINGS'),('convertidor de audio',6,'WRITE_SETTINGS'),('Drum Pads 24',6,'WRITE_SETTINGS'),('Freedom',6,'WRITE_SETTINGS'),('ilos videos',6,'WRITE_SETTINGS'),('Music Maker Jam',6,'WRITE_SETTINGS'),('PlayerPro',1,'WRITE_SETTINGS'),('PlayerPro',4,'WRITE_SETTINGS'),('SideSyncPlayer',1,'WRITE_SETTINGS'),('SideSyncSource',1,'WRITE_SETTINGS'),('VLC',1,'WRITE_SETTINGS'),('Waze',1,'WRITE_SETTINGS'),('Waze',3,'WRITE_SETTINGS'),('Waze',4,'WRITE_SETTINGS'),('Waze',6,'WRITE_SETTINGS'),('WhatsApp',1,'WRITE_SETTINGS'),('WhatsApp',2,'WRITE_SETTINGS'),('WhatsApp',3,'WRITE_SETTINGS'),('WhatsApp',4,'WRITE_SETTINGS'),('WhatsApp',6,'WRITE_SETTINGS'),('Calendario',6,'WRITE_SYNC_SETTINGS'),('Drive',1,'WRITE_SYNC_SETTINGS'),('Drive',2,'WRITE_SYNC_SETTINGS'),('Drive',6,'WRITE_SYNC_SETTINGS'),('Facebook',1,'WRITE_SYNC_SETTINGS'),('Facebook',2,'WRITE_SYNC_SETTINGS'),('Facebook',6,'WRITE_SYNC_SETTINGS'),('Maps',1,'WRITE_SYNC_SETTINGS'),('Maps',2,'WRITE_SYNC_SETTINGS'),('Maps',6,'WRITE_SYNC_SETTINGS'),('Messenger',6,'WRITE_SYNC_SETTINGS'),('Shazam',6,'WRITE_SYNC_SETTINGS'),('Telegram',1,'WRITE_SYNC_SETTINGS'),('Telegram',3,'WRITE_SYNC_SETTINGS'),('Telegram',4,'WRITE_SYNC_SETTINGS'),('Telegram',6,'WRITE_SYNC_SETTINGS'),('Tuenti',6,'WRITE_SYNC_SETTINGS'),('Twitter',1,'WRITE_SYNC_SETTINGS'),('Twitter',6,'WRITE_SYNC_SETTINGS'),('Vine',1,'WRITE_SYNC_SETTINGS'),('Vine',6,'WRITE_SYNC_SETTINGS'),('Waze',1,'WRITE_SYNC_SETTINGS'),('Waze',3,'WRITE_SYNC_SETTINGS'),('Waze',4,'WRITE_SYNC_SETTINGS'),('Waze',6,'WRITE_SYNC_SETTINGS'),('WhatsApp',1,'WRITE_SYNC_SETTINGS'),('WhatsApp',2,'WRITE_SYNC_SETTINGS'),('WhatsApp',3,'WRITE_SYNC_SETTINGS'),('WhatsApp',4,'WRITE_SYNC_SETTINGS'),('WhatsApp',6,'WRITE_SYNC_SETTINGS');
/*!40000 ALTER TABLE `Aplicacion_Permiso` ENABLE KEYS */;
UNLOCK TABLES;

--
-- Table structure for table `Etiqueta`
--

DROP TABLE IF EXISTS `Etiqueta`;
/*!40101 SET @saved_cs_client     = @@character_set_client */;
/*!40101 SET character_set_client = utf8 */;
CREATE TABLE `Etiqueta` (
  `nombre` varchar(100) NOT NULL,
  PRIMARY KEY (`nombre`),
  UNIQUE KEY `nombre_UNIQUE` (`nombre`)
) ENGINE=InnoDB DEFAULT CHARSET=utf8;
/*!40101 SET character_set_client = @saved_cs_client */;

--
-- Dumping data for table `Etiqueta`
--

LOCK TABLES `Etiqueta` WRITE;
/*!40000 ALTER TABLE `Etiqueta` DISABLE KEYS */;
INSERT INTO `Etiqueta` VALUES ('Almacenamiento'),('Amigos'),('caca'),('Comida'),('Compra'),('Compras'),('Comunicacion'),('cubito'),('Cuentas'),('Deporte'),('Dinero'),('Documentos'),('Editor'),('Emulador'),('Entretenimiento'),('Fotografia'),('Fotos'),('GPS'),('Herramientas'),('hijo'),('Juegos'),('Libros'),('Limpieza'),('Llamadas'),('Mapas'),('Mensajes'),('Montaña'),('Movil'),('Multimedia'),('Musica'),('Nueva'),('Ocio'),('Peliculas'),('Promociones'),('Redes Sociales'),('Restaurantes'),('Seguridad'),('Social'),('Tiendas'),('Trabajo'),('Universidad'),('Utilidades'),('Venta'),('Viajes'),('Videos');
/*!40000 ALTER TABLE `Etiqueta` ENABLE KEYS */;
UNLOCK TABLES;

--
-- Table structure for table `Permiso`
--

DROP TABLE IF EXISTS `Permiso`;
/*!40101 SET @saved_cs_client     = @@character_set_client */;
/*!40101 SET character_set_client = utf8 */;
CREATE TABLE `Permiso` (
  `nombre` varchar(250) NOT NULL,
  PRIMARY KEY (`nombre`)
) ENGINE=InnoDB DEFAULT CHARSET=utf8;
/*!40101 SET character_set_client = @saved_cs_client */;

--
-- Dumping data for table `Permiso`
--

LOCK TABLES `Permiso` WRITE;
/*!40000 ALTER TABLE `Permiso` DISABLE KEYS */;
INSERT INTO `Permiso` VALUES ('ACCESS_CHECKIN_PROPERTIES'),('ACCESS_COARSE_LOCATION'),('ACCESS_FINE_LOCATION'),('ACCESS_LOCATION_EXTRA_COMMANDS'),('ACCESS_NETWORK_STATE'),('ACCESS_NOTIFICATION_POLICY'),('ACCESS_WIFI_STATE'),('ACCOUNT_MANAGER'),('ADD_VOICEMAIL'),('BATTERY_STATS'),('BIND_ACCESSIBILITY_SERVICE'),('BIND_APPWIDGET'),('BIND_CARRIER_MESSAGING_SERVICE'),('BIND_CARRIER_SERVICES'),('BIND_CHOOSER_TARGET_SERVICE'),('BIND_CONDITION_PROVIDER_SERVICE'),('BIND_DEVICE_ADMIN'),('BIND_DREAM_SERVICE'),('BIND_INCALL_SERVICE'),('BIND_INPUT_METHOD'),('BIND_MIDI_DEVICE_SERVICE'),('BIND_NFC_SERVICE'),('BIND_NOTIFICATION_LISTENER_SERVICE'),('BIND_PRINT_SERVICE'),('BIND_QUICK_SETTINGS_TILE'),('BIND_REMOTEVIEWS'),('BIND_SCREENING_SERVICE'),('BIND_TELECOM_CONNECTION_SERVICE'),('BIND_TEXT_SERVICE'),('BIND_TV_INPUT'),('BIND_VOICE_INTERACTION'),('BIND_VPN_SERVICE'),('BIND_VR_LISTENER_SERVICE'),('BIND_WALLPAPER'),('BLUETOOTH'),('BLUETOOTH_ADMIN'),('BLUETOOTH_PRIVILEGED'),('BODY_SENSORS'),('BROADCAST_PACKAGE_REMOVED'),('BROADCAST_SMS'),('BROADCAST_STICKY'),('BROADCAST_WAP_PUSH'),('CALL_PHONE'),('CALL_PRIVILEGED'),('CAMERA'),('CAPTURE_AUDIO_OUTPUT'),('CAPTURE_SECURE_VIDEO_OUTPUT'),('CAPTURE_VIDEO_OUTPUT'),('CHANGE_COMPONENT_ENABLED_STATE'),('CHANGE_CONFIGURATION'),('CHANGE_NETWORK_STATE'),('CHANGE_WIFI_MULTICAST_STATE'),('CHANGE_WIFI_STATE'),('CLEAR_APP_CACHE'),('CONTROL_LOCATION_UPDATES'),('DELETE_CACHE_FILES'),('DELETE_PACKAGES'),('DIAGNOSTIC'),('DISABLE_KEYGUARD'),('DUMP'),('EXPAND_STATUS_BAR'),('FACTORY_TEST'),('GET_ACCOUNTS'),('GET_ACCOUNTS_PRIVILEGED'),('GET_PACKAGE_SIZE'),('GET_TASKS'),('GLOBAL_SEARCH'),('INSTALL_LOCATION_PROVIDER'),('INSTALL_PACKAGES'),('INSTALL_SHORTCUT'),('INTERNET'),('KILL_BACKGROUND_PROCESSES'),('LOCATION_HARDWARE'),('MANAGE_DOCUMENTS'),('MASTER_CLEAR'),('MEDIA_CONTENT_CONTROL'),('MODIFY_AUDIO_SETTINGS'),('MODIFY_PHONE_STATE'),('MOUNT_FORMAT_FILESYSTEMS'),('MOUNT_UNMOUNT_FILESYSTEMS'),('NFC'),('PACKAGE_USAGE_STATS'),('PERSISTENT_ACTIVITY'),('PROCESS_OUTGOING_CALLS'),('READ_CALENDAR'),('READ_CALL_LOG'),('READ_CONTACTS'),('READ_EXTERNAL_STORAGE'),('READ_FRAME_BUFFER'),('READ_INPUT_STATE'),('READ_LOGS'),('READ_PHONE_STATE'),('READ_SMS'),('READ_SYNC_SETTINGS'),('READ_SYNC_STATS'),('READ_VOICEMAIL'),('REBOOT'),('RECEIVE_BOOT_COMPLETED'),('RECEIVE_MMS'),('RECEIVE_SMS'),('RECEIVE_WAP_PUSH'),('RECORD_AUDIO'),('REORDER_TASKS'),('REQUEST_IGNORE_BATTERY_OPTIMIZATIONS'),('REQUEST_INSTALL_PACKAGES'),('RESTART_PACKAGES'),('SEND_RESPOND_VIA_MESSAGE'),('SEND_SMS'),('SET_ALARM'),('SET_ALWAYS_FINISH'),('SET_ANIMATION_SCALE'),('SET_DEBUG_APP'),('SET_PREFERRED_APPLICATIONS'),('SET_PROCESS_LIMIT'),('SET_TIME'),('SET_TIME_ZONE'),('SET_WALLPAPER'),('SET_WALLPAPER_HINTS'),('SIGNAL_PERSISTENT_PROCESSES'),('STATUS_BAR'),('SYSTEM_ALERT_WINDOW'),('TRANSMIT_IR'),('UNINSTALL_SHORTCUT'),('UPDATE_DEVICE_STATS'),('USE_FINGERPRINT'),('USE_SIP'),('VIBRATE'),('WAKE_LOCK'),('WRITE_APN_SETTINGS'),('WRITE_CALENDAR'),('WRITE_CALL_LOG'),('WRITE_CONTACTS'),('WRITE_EXTERNAL_STORAGE'),('WRITE_GSERVICES'),('WRITE_SECURE_SETTINGS'),('WRITE_SETTINGS'),('WRITE_SYNC_SETTINGS'),('WRITE_VOICEMAIL');
/*!40000 ALTER TABLE `Permiso` ENABLE KEYS */;
UNLOCK TABLES;

--
-- Table structure for table `Tarea`
--

DROP TABLE IF EXISTS `Tarea`;
/*!40101 SET @saved_cs_client     = @@character_set_client */;
/*!40101 SET character_set_client = utf8 */;
CREATE TABLE `Tarea` (
  `Usuario_nick` varchar(50) NOT NULL,
  `terminado` varchar(2) NOT NULL,
  `fecha` varchar(45) NOT NULL,
  PRIMARY KEY (`Usuario_nick`),
  KEY `fk_Tarea_Usuario1_idx` (`Usuario_nick`),
  CONSTRAINT `fk_Tarea_Usuario1` FOREIGN KEY (`Usuario_nick`) REFERENCES `Usuario` (`nick`) ON DELETE NO ACTION ON UPDATE NO ACTION
) ENGINE=InnoDB DEFAULT CHARSET=utf8;
/*!40101 SET character_set_client = @saved_cs_client */;

--
-- Dumping data for table `Tarea`
--

LOCK TABLES `Tarea` WRITE;
/*!40000 ALTER TABLE `Tarea` DISABLE KEYS */;
/*!40000 ALTER TABLE `Tarea` ENABLE KEYS */;
UNLOCK TABLES;

--
-- Table structure for table `Terminal`
--

DROP TABLE IF EXISTS `Terminal`;
/*!40101 SET @saved_cs_client     = @@character_set_client */;
/*!40101 SET character_set_client = utf8 */;
CREATE TABLE `Terminal` (
  `idTerminal` int(11) NOT NULL,
  `Usuario_nick` varchar(50) NOT NULL,
  `nombre` varchar(500) NOT NULL,
  `tipo` varchar(50) DEFAULT NULL,
  `appAsociada` varchar(250) DEFAULT NULL,
  PRIMARY KEY (`idTerminal`),
  KEY `fk_Terminal_Usuario1_idx` (`Usuario_nick`),
  CONSTRAINT `fk_Terminal_Usuario1` FOREIGN KEY (`Usuario_nick`) REFERENCES `Usuario` (`nick`) ON DELETE NO ACTION ON UPDATE NO ACTION
) ENGINE=InnoDB DEFAULT CHARSET=utf8;
/*!40101 SET character_set_client = @saved_cs_client */;

--
-- Dumping data for table `Terminal`
--

LOCK TABLES `Terminal` WRITE;
/*!40000 ALTER TABLE `Terminal` DISABLE KEYS */;
INSERT INTO `Terminal` VALUES (1,'marian','Samsung SM-T320','movil',NULL),(2,'marian','Xiaomi Redmi Note 2','movil',NULL),(3,'diego','Samsung GT-I9300','movil',NULL),(4,'axel','Samsung GT-I9300','movil',NULL),(5,'Axel','Pulsera 1','wearable','[\"PlayerPro-4\"]'),(6,'nacho','Samsung SM-N9005','movil',NULL),(7,'Nacho','Xiaomi Mi Band 2','wearable','[\"Drive-6\"]');
/*!40000 ALTER TABLE `Terminal` ENABLE KEYS */;
UNLOCK TABLES;

--
-- Table structure for table `Terminal_Etiqueta`
--

DROP TABLE IF EXISTS `Terminal_Etiqueta`;
/*!40101 SET @saved_cs_client     = @@character_set_client */;
/*!40101 SET character_set_client = utf8 */;
CREATE TABLE `Terminal_Etiqueta` (
  `Terminal_idTerminal` int(11) NOT NULL,
  `Etiqueta_nombre` varchar(100) NOT NULL,
  PRIMARY KEY (`Terminal_idTerminal`,`Etiqueta_nombre`),
  KEY `fk_Terminal_Etiqueta_Terminal1_idx` (`Terminal_idTerminal`),
  KEY `fk_Terminal_Etiqueta_Etiqueta1_idx` (`Etiqueta_nombre`),
  CONSTRAINT `fk_Terminal_Etiqueta_Etiqueta1` FOREIGN KEY (`Etiqueta_nombre`) REFERENCES `Etiqueta` (`nombre`) ON DELETE NO ACTION ON UPDATE NO ACTION,
  CONSTRAINT `fk_Terminal_Etiqueta_Terminal1` FOREIGN KEY (`Terminal_idTerminal`) REFERENCES `Terminal` (`idTerminal`) ON DELETE NO ACTION ON UPDATE NO ACTION
) ENGINE=InnoDB DEFAULT CHARSET=utf8;
/*!40101 SET character_set_client = @saved_cs_client */;

--
-- Dumping data for table `Terminal_Etiqueta`
--

LOCK TABLES `Terminal_Etiqueta` WRITE;
/*!40000 ALTER TABLE `Terminal_Etiqueta` DISABLE KEYS */;
/*!40000 ALTER TABLE `Terminal_Etiqueta` ENABLE KEYS */;
UNLOCK TABLES;

--
-- Table structure for table `Usuario`
--

DROP TABLE IF EXISTS `Usuario`;
/*!40101 SET @saved_cs_client     = @@character_set_client */;
/*!40101 SET character_set_client = utf8 */;
CREATE TABLE `Usuario` (
  `nick` varchar(50) NOT NULL,
  `password` varchar(500) NOT NULL,
  `email` varchar(100) NOT NULL,
  PRIMARY KEY (`nick`)
) ENGINE=InnoDB DEFAULT CHARSET=utf8;
/*!40101 SET character_set_client = @saved_cs_client */;

--
-- Dumping data for table `Usuario`
--

LOCK TABLES `Usuario` WRITE;
/*!40000 ALTER TABLE `Usuario` DISABLE KEYS */;
INSERT INTO `Usuario` VALUES ('Axel','4183b9f5ed14b64d012ce1e728cfa1e7afc399cb82b6729b222784db6b1a50a7','axelrose@gmail.com'),('Diego','00e48a815525529ba9d33f8761a167588fe00c47bc82f515cf791c482ed99ecc','diegodesconocido@gmail.com'),('marian','fe268b3259240bd47ff4b18e412cdb6d3e451e87f9e88dcfaf9c926d8e8b99a6','velasben@hotmail.com'),('Nacho','1f953288e3383968f741e2d3618d8398c2a73ef33a49632a5014d6744dc9b30f','nacho.coigodonnell@gmail.com');
/*!40000 ALTER TABLE `Usuario` ENABLE KEYS */;
UNLOCK TABLES;

--
-- Table structure for table `Usuario_Etiqueta`
--

DROP TABLE IF EXISTS `Usuario_Etiqueta`;
/*!40101 SET @saved_cs_client     = @@character_set_client */;
/*!40101 SET character_set_client = utf8 */;
CREATE TABLE `Usuario_Etiqueta` (
  `Usuario_nick` varchar(50) NOT NULL,
  `Etiqueta_nombre` varchar(100) NOT NULL,
  KEY `fk_Usuario_Etiqueta_Usuario1_idx` (`Usuario_nick`),
  KEY `fk_Usuario_Etiqueta_Etiqueta1_idx` (`Etiqueta_nombre`),
  CONSTRAINT `fk_Usuario_Etiqueta_Etiqueta1` FOREIGN KEY (`Etiqueta_nombre`) REFERENCES `Etiqueta` (`nombre`) ON DELETE NO ACTION ON UPDATE NO ACTION,
  CONSTRAINT `fk_Usuario_Etiqueta_Usuario1` FOREIGN KEY (`Usuario_nick`) REFERENCES `Usuario` (`nick`) ON DELETE NO ACTION ON UPDATE NO ACTION
) ENGINE=InnoDB DEFAULT CHARSET=utf8;
/*!40101 SET character_set_client = @saved_cs_client */;

--
-- Dumping data for table `Usuario_Etiqueta`
--

LOCK TABLES `Usuario_Etiqueta` WRITE;
/*!40000 ALTER TABLE `Usuario_Etiqueta` DISABLE KEYS */;
INSERT INTO `Usuario_Etiqueta` VALUES ('marian','Montaña'),('marian','Cuentas'),('marian','Dinero'),('marian','Fotos'),('marian','Social'),('marian','Mapas'),('marian','Amigos'),('marian','Editor'),('marian','Peliculas'),('marian','Libros'),('marian','Ocio'),('marian','Juegos'),('marian','Comida'),('marian','Promociones'),('marian','Restaurantes'),('marian','hijo'),('marian','Musica'),('Axel','Seguridad'),('Axel','Limpieza'),('Axel','Llamadas'),('Axel','Mensajes'),('Axel','Mapas'),('Axel','GPS'),('Axel','Emulador'),('Axel','Entretenimiento'),('Axel','Movil'),('Axel','Musica'),('Axel','Videos'),('Axel','Venta'),('Axel','Compra'),('Axel','Social'),('Axel','Utilidades'),('Nacho','Nueva'),('Nacho','Documentos');
/*!40000 ALTER TABLE `Usuario_Etiqueta` ENABLE KEYS */;
UNLOCK TABLES;
/*!40103 SET TIME_ZONE=@OLD_TIME_ZONE */;

/*!40101 SET SQL_MODE=@OLD_SQL_MODE */;
/*!40014 SET FOREIGN_KEY_CHECKS=@OLD_FOREIGN_KEY_CHECKS */;
/*!40014 SET UNIQUE_CHECKS=@OLD_UNIQUE_CHECKS */;
/*!40101 SET CHARACTER_SET_CLIENT=@OLD_CHARACTER_SET_CLIENT */;
/*!40101 SET CHARACTER_SET_RESULTS=@OLD_CHARACTER_SET_RESULTS */;
/*!40101 SET COLLATION_CONNECTION=@OLD_COLLATION_CONNECTION */;
/*!40111 SET SQL_NOTES=@OLD_SQL_NOTES */;

-- Dump completed on 2016-11-10 17:16:33
